period,year,month,flow,trade_value_usd,country,iso3
202505,2025,5,export,37902.34,Azerbaijan,AZE
202505,2025,5,export,1163663.86,Argentina,ARG
202505,2025,5,export,39197536.451,Australia,AUS
202505,2025,5,export,1504540.68,Armenia,ARM
202505,2025,5,export,34640.0,Barbados,BRB
202505,2025,5,export,115089428.249,Belgium,BEL
202505,2025,5,export,1038.119,Bhutan,BTN
202505,2025,5,export,389836.836,Bosnia Herzegovina,BIH
202505,2025,5,export,11237578.0,Brazil,BRA
202505,2025,5,export,5582.85,Belize,BLZ
202505,2025,5,export,16105492.847,Bulgaria,BGR
202505,2025,5,export,119119478.294,Canada,CAN
202505,2025,5,export,266070.838,Chile,CHL
202505,2025,5,export,27016416.47,Colombia,COL
202505,2025,5,export,22257337.0,Croatia,HRV
202505,2025,5,export,1722075.539,Cyprus,CYP
202505,2025,5,export,112785989.0,Czechia,CZE
202505,2025,5,export,55721978.01,Denmark,DNK
202505,2025,5,export,409519.38,El Salvador,SLV
202505,2025,5,export,20022352.63,Estonia,EST
202505,2025,5,export,448272.072,Fiji,FJI
202505,2025,5,export,6292350.947,Finland,FIN
202505,2025,5,export,1003819970.02,France,FRA
202505,2025,5,export,1552571.782,Georgia,GEO
202505,2025,5,export,417461050.657,Germany,DEU
202505,2025,5,export,374801.029,Ghana,GHA
202505,2025,5,export,26476914.087,Greece,GRC
202505,2025,5,export,2989005.0,Guatemala,GTM
202505,2025,5,export,493.875,Guyana,GUY
202505,2025,5,export,287483078.331,"China, Hong Kong SAR",HKG
202505,2025,5,export,23486551.578,Hungary,HUN
202505,2025,5,export,609969.326,Iceland,ISL
202505,2025,5,export,12244304.031,Indonesia,IDN
202505,2025,5,export,27990342.362,Ireland,IRL
202505,2025,5,export,18796000.0,Israel,ISR
202505,2025,5,export,269226563.625,Italy,ITA
202505,2025,5,export,250554867.64,Japan,JPN
202505,2025,5,export,795998089.0,Rep. of Korea,KOR
202505,2025,5,export,212992.0,Kyrgyzstan,KGZ
202505,2025,5,export,11393415.26,Latvia,LVA
202505,2025,5,export,9669437.0,Lithuania,LTU
202505,2025,5,export,10088560.649,Luxembourg,LUX
202505,2025,5,export,126286.482,"China, Macao SAR",MAC
202505,2025,5,export,17495224.891,Malaysia,MYS
202505,2025,5,export,546821.777,Malta,MLT
202505,2025,5,export,249160.395,Mauritius,MUS
202505,2025,5,export,38061835.0,Mexico,MEX
202505,2025,5,export,521676.0,Rep. of Moldova,MDA
202505,2025,5,export,19489.391,Montenegro,MNE
202505,2025,5,export,2401393.875,Morocco,MAR
202505,2025,5,export,888600.779,Oman,OMN
202505,2025,5,export,169131924.283,Netherlands,NLD
202505,2025,5,export,5467130.48,New Zealand,NZL
202505,2025,5,export,4334183.138,Norway,NOR
202505,2025,5,export,2385945.089,Pakistan,PAK
202505,2025,5,export,1342.0,Panama,PAN
202505,2025,5,export,19607.76,Paraguay,PRY
202505,2025,5,export,3781080.0,Philippines,PHL
202505,2025,5,export,267390438.0,Poland,POL
202505,2025,5,export,11832916.264,Portugal,PRT
202505,2025,5,export,8456822.76,Romania,ROU
202505,2025,5,export,1583817.027,Saudi Arabia,SAU
202505,2025,5,export,3761844.0,Serbia,SRB
202505,2025,5,export,23951277.121,India,IND
202505,2025,5,export,393432409.383,Singapore,SGP
202505,2025,5,export,8351508.156,Slovakia,SVK
202505,2025,5,export,9695924.922,Slovenia,SVN
202505,2025,5,export,31995319.212,South Africa,ZAF
202505,2025,5,export,198779725.253,Spain,ESP
202505,2025,5,export,67.0,South Sudan,SSD
202505,2025,5,export,52231820.448,Sweden,SWE
202505,2025,5,export,122907943.162,Switzerland,CHE
202505,2025,5,export,5617158.455,Togo,TGO
202505,2025,5,export,118452.052,Trinidad and Tobago,TTO
202505,2025,5,export,34622172.0,Türkiye,TUR
202505,2025,5,export,2672036.3,Ukraine,UKR
202505,2025,5,export,550261.993,North Macedonia,MKD
202505,2025,5,export,3105550.299,Egypt,EGY
202505,2025,5,export,195644187.47,United Kingdom,GBR
202505,2025,5,export,437131683.0,USA,USA
202505,2025,5,export,55213.0,Uzbekistan,UZB
202506,2025,6,export,34412.68,Azerbaijan,AZE
202506,2025,6,export,1158491.7,Argentina,ARG
202506,2025,6,export,31173175.512,Australia,AUS
202506,2025,6,export,374224.72,Armenia,ARM
202506,2025,6,export,52142.0,Barbados,BRB
202506,2025,6,export,127591425.115,Belgium,BEL
202506,2025,6,export,5.82,Bhutan,BTN
202506,2025,6,export,562897.471,Bosnia Herzegovina,BIH
202506,2025,6,export,9970087.0,Brazil,BRA
202506,2025,6,export,7029.905,Belize,BLZ
202506,2025,6,export,16152178.882,Bulgaria,BGR
202506,2025,6,export,128142705.71,Canada,CAN
202506,2025,6,export,462108.885,Chile,CHL
202506,2025,6,export,22227136.19,Colombia,COL
202506,2025,6,export,24293011.0,Croatia,HRV
202506,2025,6,export,1338450.803,Cyprus,CYP
202506,2025,6,export,108885585.0,Czechia,CZE
202506,2025,6,export,48449301.742,Denmark,DNK
202506,2025,6,export,194414.15,El Salvador,SLV
202506,2025,6,export,16671638.86,Estonia,EST
202506,2025,6,export,35623.405,Fiji,FJI
202506,2025,6,export,5554555.748,Finland,FIN
202506,2025,6,export,1051378012.085,France,FRA
202506,2025,6,export,1369355.123,Georgia,GEO
202506,2025,6,export,416710586.89,Germany,DEU
202506,2025,6,export,22027.063,Ghana,GHA
202506,2025,6,export,25935499.541,Greece,GRC
202506,2025,6,export,3908439.0,Guatemala,GTM
202506,2025,6,export,933.045,Guyana,GUY
202506,2025,6,export,246452873.832,"China, Hong Kong SAR",HKG
202506,2025,6,export,21865108.628,Hungary,HUN
202506,2025,6,export,570985.464,Iceland,ISL
202506,2025,6,export,14351070.876,Indonesia,IDN
202506,2025,6,export,20173068.671,Ireland,IRL
202506,2025,6,export,12937000.0,Israel,ISR
202506,2025,6,export,262222934.494,Italy,ITA
202506,2025,6,export,267684428.655,Japan,JPN
202506,2025,6,export,772856860.0,Rep. of Korea,KOR
202506,2025,6,export,739060.0,Kyrgyzstan,KGZ
202506,2025,6,export,8069607.663,Latvia,LVA
202506,2025,6,export,7649750.0,Lithuania,LTU
202506,2025,6,export,6902624.85,Luxembourg,LUX
202506,2025,6,export,150847.519,"China, Macao SAR",MAC
202506,2025,6,export,15288563.389,Malaysia,MYS
202506,2025,6,export,467749.651,Malta,MLT
202506,2025,6,export,82141.168,Mauritius,MUS
202506,2025,6,export,40216407.0,Mexico,MEX
202506,2025,6,export,502890.0,Rep. of Moldova,MDA
202506,2025,6,export,17009.586,Montenegro,MNE
202506,2025,6,export,3009047.303,Morocco,MAR
202506,2025,6,export,186124212.052,Netherlands,NLD
202506,2025,6,export,6904287.905,New Zealand,NZL
202506,2025,6,export,2668366.968,Norway,NOR
202506,2025,6,export,2324880.888,Pakistan,PAK
202506,2025,6,export,199698.0,Panama,PAN
202506,2025,6,export,17121.9,Paraguay,PRY
202506,2025,6,export,4414664.0,Philippines,PHL
202506,2025,6,export,265919700.0,Poland,POL
202506,2025,6,export,8431946.168,Portugal,PRT
202506,2025,6,export,8322229.47,Romania,ROU
202506,2025,6,export,1419008.765,Saudi Arabia,SAU
202506,2025,6,export,4754044.0,Serbia,SRB
202506,2025,6,export,22479076.551,India,IND
202506,2025,6,export,383656499.674,Singapore,SGP
202506,2025,6,export,10178906.187,Slovakia,SVK
202506,2025,6,export,9251411.706,Slovenia,SVN
202506,2025,6,export,34167384.688,South Africa,ZAF
202506,2025,6,export,195045150.163,Spain,ESP
202506,2025,6,export,53255228.926,Sweden,SWE
202506,2025,6,export,78957829.869,Switzerland,CHE
202506,2025,6,export,5983759.145,Togo,TGO
202506,2025,6,export,36232.651,Trinidad and Tobago,TTO
202506,2025,6,export,25909923.0,Türkiye,TUR
202506,2025,6,export,2029684.1,Ukraine,UKR
202506,2025,6,export,547465.301,North Macedonia,MKD
202506,2025,6,export,2435704.115,Egypt,EGY
202506,2025,6,export,194171404.322,United Kingdom,GBR
202506,2025,6,export,476364103.0,USA,USA
202506,2025,6,export,82659.0,Uzbekistan,UZB
202507,2025,7,export,6944.78,Azerbaijan,AZE
202507,2025,7,export,1356864.88,Argentina,ARG
202507,2025,7,export,36248490.634,Australia,AUS
202507,2025,7,export,841093.64,Armenia,ARM
202507,2025,7,export,24863.5,Barbados,BRB
202507,2025,7,export,139457844.552,Belgium,BEL
202507,2025,7,export,567217.026,Bosnia Herzegovina,BIH
202507,2025,7,export,11527748.0,Brazil,BRA
202507,2025,7,export,15753008.051,Bulgaria,BGR
202507,2025,7,export,125188753.955,Canada,CAN
202507,2025,7,export,433212.232,Chile,CHL
202507,2025,7,export,31686190.06,Colombia,COL
202507,2025,7,export,18951916.0,Croatia,HRV
202507,2025,7,export,1683796.408,Cyprus,CYP
202507,2025,7,export,98695052.0,Czechia,CZE
202507,2025,7,export,53094444.069,Denmark,DNK
202507,2025,7,export,294615.12,El Salvador,SLV
202507,2025,7,export,19920029.08,Estonia,EST
202507,2025,7,export,378265.249,Fiji,FJI
202507,2025,7,export,6323733.62,Finland,FIN
202507,2025,7,export,1091678127.694,France,FRA
202507,2025,7,export,1091572.467,Georgia,GEO
202507,2025,7,export,449910821.076,Germany,DEU
202507,2025,7,export,181484.151,Ghana,GHA
202507,2025,7,export,29233753.915,Greece,GRC
202507,2025,7,export,3408432.0,Guatemala,GTM
202507,2025,7,export,827.577,Guyana,GUY
202507,2025,7,export,231824899.463,"China, Hong Kong SAR",HKG
202507,2025,7,export,21378187.303,Hungary,HUN
202507,2025,7,export,661549.211,Iceland,ISL
202507,2025,7,export,15861187.779,Indonesia,IDN
202507,2025,7,export,20950166.344,Ireland,IRL
202507,2025,7,export,26747000.0,Israel,ISR
202507,2025,7,export,311496489.122,Italy,ITA
202507,2025,7,export,292275334.714,Japan,JPN
202507,2025,7,export,805396805.0,Rep. of Korea,KOR
202507,2025,7,export,530199.0,Kyrgyzstan,KGZ
202507,2025,7,export,9447999.159,Latvia,LVA
202507,2025,7,export,11003026.0,Lithuania,LTU
202507,2025,7,export,12016085.922,Luxembourg,LUX
202507,2025,7,export,68158.974,"China, Macao SAR",MAC
202507,2025,7,export,17006025.848,Malaysia,MYS
202507,2025,7,export,485957.446,Malta,MLT
202507,2025,7,export,801242.11,Mauritius,MUS
202507,2025,7,export,45374647.0,Mexico,MEX
202507,2025,7,export,383157.0,Rep. of Moldova,MDA
202507,2025,7,export,5341.642,Montenegro,MNE
202507,2025,7,export,2723359.44,Morocco,MAR
202507,2025,7,export,165108892.446,Netherlands,NLD
202507,2025,7,export,4901219.231,New Zealand,NZL
202507,2025,7,export,40586.235,Nigeria,NGA
202507,2025,7,export,3354796.395,Norway,NOR
202507,2025,7,export,3866903.581,Pakistan,PAK
202507,2025,7,export,165435.0,Panama,PAN
202507,2025,7,export,101521.69,Paraguay,PRY
202507,2025,7,export,3394138.0,Philippines,PHL
202507,2025,7,export,292537618.0,Poland,POL
202507,2025,7,export,8644200.829,Portugal,PRT
202507,2025,7,export,7232928.8,Romania,ROU
202507,2025,7,export,1497480.496,Saudi Arabia,SAU
202507,2025,7,export,4227292.0,Serbia,SRB
202507,2025,7,export,24906757.192,India,IND
202507,2025,7,export,331205126.711,Singapore,SGP
202507,2025,7,export,8564101.007,Slovakia,SVK
202507,2025,7,export,9489259.028,Slovenia,SVN
202507,2025,7,export,34753349.153,South Africa,ZAF
202507,2025,7,export,213276299.535,Spain,ESP
202507,2025,7,export,50551655.811,Sweden,SWE
202507,2025,7,export,104301618.623,Switzerland,CHE
202507,2025,7,export,4966337.732,Togo,TGO
202507,2025,7,export,64033.855,Trinidad and Tobago,TTO
202507,2025,7,export,31450117.0,Türkiye,TUR
202507,2025,7,export,2871595.1,Ukraine,UKR
202507,2025,7,export,650873.63,North Macedonia,MKD
202507,2025,7,export,3068254.303,Egypt,EGY
202507,2025,7,export,211990132.248,United Kingdom,GBR
202507,2025,7,export,520420426.0,USA,USA
202507,2025,7,export,35339.0,Uzbekistan,UZB
202508,2025,8,export,50463.0,Azerbaijan,AZE
202508,2025,8,export,1842438.07,Argentina,ARG
202508,2025,8,export,39882539.369,Australia,AUS
202508,2025,8,export,461692.0,Armenia,ARM
202508,2025,8,export,12062.5,Barbados,BRB
202508,2025,8,export,133409662.273,Belgium,BEL
202508,2025,8,export,753.727,Bhutan,BTN
202508,2025,8,export,437205.475,Bosnia Herzegovina,BIH
202508,2025,8,export,12861776.0,Brazil,BRA
202508,2025,8,export,5582.85,Belize,BLZ
202508,2025,8,export,16564826.322,Bulgaria,BGR
202508,2025,8,export,121839222.221,Canada,CAN
202508,2025,8,export,339429.025,Chile,CHL
202508,2025,8,export,18613215.96,Colombia,COL
202508,2025,8,export,18076665.0,Croatia,HRV
202508,2025,8,export,655205.346,Cyprus,CYP
202508,2025,8,export,92583945.0,Czechia,CZE
202508,2025,8,export,53539310.923,Denmark,DNK
202508,2025,8,export,241054.17,El Salvador,SLV
202508,2025,8,export,13586757.12,Estonia,EST
202508,2025,8,export,812021.36,Fiji,FJI
202508,2025,8,export,5971869.667,Finland,FIN
202508,2025,8,export,913366427.863,France,FRA
202508,2025,8,export,777858.652,Georgia,GEO
202508,2025,8,export,392800254.166,Germany,DEU
202508,2025,8,export,9197288.176,Ghana,GHA
202508,2025,8,export,15832286.395,Greece,GRC
202508,2025,8,export,3197019.0,Guatemala,GTM
202508,2025,8,export,3485.331,Guyana,GUY
202508,2025,8,export,230192490.77,"China, Hong Kong SAR",HKG
202508,2025,8,export,18574406.852,Hungary,HUN
202508,2025,8,export,585058.302,Iceland,ISL
202508,2025,8,export,16779390.911,Indonesia,IDN
202508,2025,8,export,16440511.38,Ireland,IRL
202508,2025,8,export,22480000.0,Israel,ISR
202508,2025,8,export,227116397.346,Italy,ITA
202508,2025,8,export,265995606.744,Japan,JPN
202508,2025,8,export,701989674.0,Rep. of Korea,KOR
202508,2025,8,export,631656.0,Kyrgyzstan,KGZ
202508,2025,8,export,9297061.283,Latvia,LVA
202508,2025,8,export,8209396.0,Lithuania,LTU
202508,2025,8,export,6835825.575,Luxembourg,LUX
202508,2025,8,export,136696.325,"China, Macao SAR",MAC
202508,2025,8,export,17587502.517,Malaysia,MYS
202508,2025,8,export,1642236.737,Malta,MLT
202508,2025,8,export,627149.516,Mauritius,MUS
202508,2025,8,export,36649234.0,Mexico,MEX
202508,2025,8,export,333116.0,Rep. of Moldova,MDA
202508,2025,8,export,4320.401,Montenegro,MNE
202508,2025,8,export,1991037.278,Morocco,MAR
202508,2025,8,export,157085191.562,Netherlands,NLD
202508,2025,8,export,7172801.653,New Zealand,NZL
202508,2025,8,export,55680.259,Nigeria,NGA
202508,2025,8,export,2970017.671,Norway,NOR
202508,2025,8,export,1741823.784,Pakistan,PAK
202508,2025,8,export,56681.0,Panama,PAN
202508,2025,8,export,59644.36,Paraguay,PRY
202508,2025,8,export,3680462.0,Philippines,PHL
202508,2025,8,export,251913749.0,Poland,POL
202508,2025,8,export,6629688.595,Portugal,PRT
202508,2025,8,export,7023939.12,Romania,ROU
202508,2025,8,export,3104736.0,Serbia,SRB
202508,2025,8,export,21940034.401,India,IND
202508,2025,8,export,304354643.83,Singapore,SGP
202508,2025,8,export,7437352.891,Slovakia,SVK
202508,2025,8,export,5956518.625,Slovenia,SVN
202508,2025,8,export,52300973.549,South Africa,ZAF
202508,2025,8,export,144013099.574,Spain,ESP
202508,2025,8,export,46865788.133,Sweden,SWE
202508,2025,8,export,73864563.202,Switzerland,CHE
202508,2025,8,export,5750326.066,Togo,TGO
202508,2025,8,export,108525.608,Trinidad and Tobago,TTO
202508,2025,8,export,32111568.0,Türkiye,TUR
202508,2025,8,export,2797637.5,Ukraine,UKR
202508,2025,8,export,409501.666,North Macedonia,MKD
202508,2025,8,export,3273322.167,Egypt,EGY
202508,2025,8,export,182016775.671,United Kingdom,GBR
202508,2025,8,export,491753970.0,USA,USA
202508,2025,8,export,52658.0,Uzbekistan,UZB
202509,2025,9,export,36682.45,Azerbaijan,AZE
202509,2025,9,export,2557926.5,Argentina,ARG
202509,2025,9,export,37567381.795,Australia,AUS
202509,2025,9,export,2289714.96,Armenia,ARM
202509,2025,9,export,29466.0,Barbados,BRB
202509,2025,9,export,156474758.214,Belgium,BEL
202509,2025,9,export,5133.363,Bhutan,BTN
202509,2025,9,export,43289.06,Bolivia (Plurinational State of),BOL
202509,2025,9,export,575776.11,Bosnia Herzegovina,BIH
202509,2025,9,export,14474491.0,Brazil,BRA
202509,2025,9,export,12122382.028,Bulgaria,BGR
202509,2025,9,export,145165049.239,Canada,CAN
202509,2025,9,export,302119.259,Chile,CHL
202509,2025,9,export,27355688.77,Colombia,COL
202509,2025,9,export,25842121.0,Croatia,HRV
202509,2025,9,export,1504670.0,Cyprus,CYP
202509,2025,9,export,120110632.0,Czechia,CZE
202509,2025,9,export,56794864.348,Denmark,DNK
202509,2025,9,export,256783.38,El Salvador,SLV
202509,2025,9,export,15457630.47,Estonia,EST
202509,2025,9,export,265349.461,Fiji,FJI
202509,2025,9,export,11410622.215,Finland,FIN
202509,2025,9,export,1028893841.8,France,FRA
202509,2025,9,export,2000585.619,Georgia,GEO
202509,2025,9,export,469387779.495,Germany,DEU
202509,2025,9,export,329322.487,Ghana,GHA
202509,2025,9,export,22481980.096,Greece,GRC
202509,2025,9,export,3201696.0,Guatemala,GTM
202509,2025,9,export,299509386.095,"China, Hong Kong SAR",HKG
202509,2025,9,export,21067922.969,Hungary,HUN
202509,2025,9,export,748251.507,Iceland,ISL
202509,2025,9,export,13341131.82,Indonesia,IDN
202509,2025,9,export,22505729.643,Ireland,IRL
202509,2025,9,export,17394000.0,Israel,ISR
202509,2025,9,export,292193208.759,Italy,ITA
202509,2025,9,export,263884467.02,Japan,JPN
202509,2025,9,export,936735018.0,Rep. of Korea,KOR
202509,2025,9,export,2077130.0,Kyrgyzstan,KGZ
202509,2025,9,export,11542095.899,Latvia,LVA
202509,2025,9,export,7610725.0,Lithuania,LTU
202509,2025,9,export,8669822.642,Luxembourg,LUX
202509,2025,9,export,2760756.117,"China, Macao SAR",MAC
202509,2025,9,export,16269219.684,Malaysia,MYS
202509,2025,9,export,342008.502,Malta,MLT
202509,2025,9,export,730477.023,Mauritius,MUS
202509,2025,9,export,34926237.0,Mexico,MEX
202509,2025,9,export,322579.0,Rep. of Moldova,MDA
202509,2025,9,export,5422.025,Montenegro,MNE
202509,2025,9,export,2207039.747,Morocco,MAR
202509,2025,9,export,171548990.106,Netherlands,NLD
202509,2025,9,export,4468944.446,New Zealand,NZL
202509,2025,9,export,330148.754,Nigeria,NGA
202509,2025,9,export,5093543.689,Norway,NOR
202509,2025,9,export,3786877.279,Pakistan,PAK
202509,2025,9,export,203744.0,Panama,PAN
202509,2025,9,export,66375.34,Paraguay,PRY
202509,2025,9,export,4482618.0,Philippines,PHL
202509,2025,9,export,273495038.0,Poland,POL
202509,2025,9,export,8065192.881,Portugal,PRT
202509,2025,9,export,9738015.27,Romania,ROU
202509,2025,9,export,3432004.0,Serbia,SRB
202509,2025,9,export,24685077.318,India,IND
202509,2025,9,export,429236504.446,Singapore,SGP
202509,2025,9,export,9781094.463,Slovakia,SVK
202509,2025,9,export,6877107.839,Slovenia,SVN
202509,2025,9,export,39127965.052,South Africa,ZAF
202509,2025,9,export,154333280.087,Spain,ESP
202509,2025,9,export,67721673.396,Sweden,SWE
202509,2025,9,export,76398741.803,Switzerland,CHE
202509,2025,9,export,5762364.232,Togo,TGO
202509,2025,9,export,110057.947,Trinidad and Tobago,TTO
202509,2025,9,export,33245658.0,Türkiye,TUR
202509,2025,9,export,3074647.12,Ukraine,UKR
202509,2025,9,export,470027.321,North Macedonia,MKD
202509,2025,9,export,2730094.912,Egypt,EGY
202509,2025,9,export,191088473.153,United Kingdom,GBR
202509,2025,9,export,495325142.0,USA,USA
202509,2025,9,export,52658.0,Uzbekistan,UZB
202510,2025,10,export,20798.01,Azerbaijan,AZE
202510,2025,10,export,1517544.7,Argentina,ARG
202510,2025,10,export,53656282.289,Australia,AUS
202510,2025,10,export,484270.53,Armenia,ARM
202510,2025,10,export,50683.5,Barbados,BRB
202510,2025,10,export,152859295.509,Belgium,BEL
202510,2025,10,export,349030.171,Bosnia Herzegovina,BIH
202510,2025,10,export,11560678.0,Brazil,BRA
202510,2025,10,export,137309698.937,Canada,CAN
202510,2025,10,export,874345.049,Chile,CHL
202510,2025,10,export,26245347.58,Colombia,COL
202510,2025,10,export,23438332.0,Croatia,HRV
202510,2025,10,export,1547717.772,Cyprus,CYP
202510,2025,10,export,116658973.0,Czechia,CZE
202510,2025,10,export,61282215.77,Denmark,DNK
202510,2025,10,export,247418.53,El Salvador,SLV
202510,2025,10,export,17831890.74,Estonia,EST
202510,2025,10,export,2.328,Faroe Isds,FRO
202510,2025,10,export,318289.88,Fiji,FJI
202510,2025,10,export,7240259.622,Finland,FIN
202510,2025,10,export,1150921524.988,France,FRA
202510,2025,10,export,1997408.895,Georgia,GEO
202510,2025,10,export,471582355.063,Germany,DEU
202510,2025,10,export,43409.861,Ghana,GHA
202510,2025,10,export,26020212.13,Greece,GRC
202510,2025,10,export,4393457.0,Guatemala,GTM
202510,2025,10,export,191.832,Guyana,GUY
202510,2025,10,export,298704138.503,"China, Hong Kong SAR",HKG
202510,2025,10,export,23315691.861,Hungary,HUN
202510,2025,10,export,1044278.013,Iceland,ISL
202510,2025,10,export,15332841.864,Indonesia,IDN
202510,2025,10,export,21341645.305,Ireland,IRL
202510,2025,10,export,15795000.0,Israel,ISR
202510,2025,10,export,340162928.777,Italy,ITA
202510,2025,10,export,254578157.879,Japan,JPN
202510,2025,10,export,753261812.0,Rep. of Korea,KOR
202510,2025,10,export,1248592.0,Kyrgyzstan,KGZ
202510,2025,10,export,11354601.495,Latvia,LVA
202510,2025,10,export,10264972.0,Lithuania,LTU
202510,2025,10,export,10774618.141,Luxembourg,LUX
202510,2025,10,export,2977619.32,"China, Macao SAR",MAC
202510,2025,10,export,18067798.066,Malaysia,MYS
202510,2025,10,export,223627.672,Malta,MLT
202510,2025,10,export,1490773.351,Mauritius,MUS
202510,2025,10,export,38301612.0,Mexico,MEX
202510,2025,10,export,488703.0,Rep. of Moldova,MDA
202510,2025,10,export,2375.33,Montenegro,MNE
202510,2025,10,export,3168780.643,Morocco,MAR
202510,2025,10,export,209673050.574,Netherlands,NLD
202510,2025,10,export,5203541.386,New Zealand,NZL
202510,2025,10,export,420625.037,Nigeria,NGA
202510,2025,10,export,5667727.202,Norway,NOR
202510,2025,10,export,2193266.213,Pakistan,PAK
202510,2025,10,export,189220.0,Panama,PAN
202510,2025,10,export,146434.05,Paraguay,PRY
202510,2025,10,export,303517684.0,Poland,POL
202510,2025,10,export,9942274.777,Portugal,PRT
202510,2025,10,export,9528150.4,Romania,ROU
202510,2025,10,export,3693898.0,Serbia,SRB
202510,2025,10,export,24192700.831,India,IND
202510,2025,10,export,349244322.066,Singapore,SGP
202510,2025,10,export,10423226.98,Slovakia,SVK
202510,2025,10,export,8298380.558,Slovenia,SVN
202510,2025,10,export,33715974.574,South Africa,ZAF
202510,2025,10,export,215856160.097,Spain,ESP
202510,2025,10,export,67110678.957,Sweden,SWE
202510,2025,10,export,73487256.054,Switzerland,CHE
202510,2025,10,export,8285045.924,Togo,TGO
202510,2025,10,export,76440.761,Trinidad and Tobago,TTO
202510,2025,10,export,34973474.0,Türkiye,TUR
202510,2025,10,export,268222.494,North Macedonia,MKD
202510,2025,10,export,2449818.769,Egypt,EGY
202510,2025,10,export,199832036.394,United Kingdom,GBR
202510,2025,10,export,502514593.0,USA,USA
202510,2025,10,export,47779.0,Uzbekistan,UZB
202511,2025,11,export,13391.22,Azerbaijan,AZE
202511,2025,11,export,1242940.67,Argentina,ARG
202511,2025,11,export,39697800.055,Australia,AUS
202511,2025,11,export,1689583.7,Armenia,ARM
202511,2025,11,export,9773.0,Barbados,BRB
202511,2025,11,export,138793269.066,Belgium,BEL
202511,2025,11,export,405.288,Bhutan,BTN
202511,2025,11,export,386186.462,Bosnia Herzegovina,BIH
202511,2025,11,export,12938916.0,Brazil,BRA
202511,2025,11,export,120740371.772,Canada,CAN
202511,2025,11,export,434452.767,Chile,CHL
202511,2025,11,export,23893470.61,Colombia,COL
202511,2025,11,export,24274527.0,Croatia,HRV
202511,2025,11,export,3414780.194,Cyprus,CYP
202511,2025,11,export,130285107.0,Czechia,CZE
202511,2025,11,export,57817085.657,Denmark,DNK
202511,2025,11,export,342299.07,El Salvador,SLV
202511,2025,11,export,14389707.56,Estonia,EST
202511,2025,11,export,671855.902,Fiji,FJI
202511,2025,11,export,7139243.118,Finland,FIN
202511,2025,11,export,1018937652.51,France,FRA
202511,2025,11,export,2008440.667,Georgia,GEO
202511,2025,11,export,439287000.026,Germany,DEU
202511,2025,11,export,232049.563,Ghana,GHA
202511,2025,11,export,28168432.995,Greece,GRC
202511,2025,11,export,3980954.0,Guatemala,GTM
202511,2025,11,export,1912.149,Guyana,GUY
202511,2025,11,export,299200362.016,"China, Hong Kong SAR",HKG
202511,2025,11,export,20469324.357,Hungary,HUN
202511,2025,11,export,510998.743,Iceland,ISL
202511,2025,11,export,13387366.989,Indonesia,IDN
202511,2025,11,export,18682905.096,Ireland,IRL
202511,2025,11,export,24398000.0,Israel,ISR
202511,2025,11,export,292855695.545,Italy,ITA
202511,2025,11,export,266535727.369,Japan,JPN
202511,2025,11,export,764763301.0,Rep. of Korea,KOR
202511,2025,11,export,292049.0,Kyrgyzstan,KGZ
202511,2025,11,export,10955756.447,Latvia,LVA
202511,2025,11,export,7843302.0,Lithuania,LTU
202511,2025,11,export,9805462.075,Luxembourg,LUX
202511,2025,11,export,119728.336,"China, Macao SAR",MAC
202511,2025,11,export,15547202.032,Malaysia,MYS
202511,2025,11,export,587786.461,Malta,MLT
202511,2025,11,export,961655.422,Mauritius,MUS
202511,2025,11,export,30014529.0,Mexico,MEX
202511,2025,11,export,512856.0,Rep. of Moldova,MDA
202511,2025,11,export,60453.627,Montenegro,MNE
202511,2025,11,export,3057526.905,Morocco,MAR
202511,2025,11,export,155932098.0,Netherlands,NLD
202511,2025,11,export,6142847.792,New Zealand,NZL
202511,2025,11,export,72156.69,Nigeria,NGA
202511,2025,11,export,3927192.148,Norway,NOR
202511,2025,11,export,2353009.304,Pakistan,PAK
202511,2025,11,export,127298.0,Panama,PAN
202511,2025,11,export,17800.49,Paraguay,PRY
202511,2025,11,export,4115405.0,Philippines,PHL
202511,2025,11,export,295899822.0,Poland,POL
202511,2025,11,export,9596940.482,Portugal,PRT
202511,2025,11,export,12467191.5,Romania,ROU
202511,2025,11,export,3784965.0,Serbia,SRB
202511,2025,11,export,28093165.123,India,IND
202511,2025,11,export,316186426.33,Singapore,SGP
202511,2025,11,export,8813659.479,Slovakia,SVK
202511,2025,11,export,7203003.759,Slovenia,SVN
202511,2025,11,export,28598756.414,South Africa,ZAF
202511,2025,11,export,195569919.27,Spain,ESP
202511,2025,11,export,67878990.989,Sweden,SWE
202511,2025,11,export,118173319.08,Switzerland,CHE
202511,2025,11,export,7427399.65,Togo,TGO
202511,2025,11,export,72823.502,Trinidad and Tobago,TTO
202511,2025,11,export,34033724.0,Türkiye,TUR
202511,2025,11,export,297717.223,North Macedonia,MKD
202511,2025,11,export,3586710.495,Egypt,EGY
202511,2025,11,export,179097633.549,United Kingdom,GBR
202511,2025,11,export,459548422.0,USA,USA
202512,2025,12,export,36701.39,Azerbaijan,AZE
202512,2025,12,export,922008.47,Argentina,ARG
202512,2025,12,export,42464970.162,Australia,AUS
202512,2025,12,export,731079.65,Armenia,ARM
202512,2025,12,export,231355.5,Barbados,BRB
202512,2025,12,export,136734590.382,Belgium,BEL
202512,2025,12,export,38521.72,Bolivia (Plurinational State of),BOL
202512,2025,12,export,741511.729,Bosnia Herzegovina,BIH
202512,2025,12,export,12108368.0,Brazil,BRA
202512,2025,12,export,7443.8,Belize,BLZ
202512,2025,12,export,118572575.335,Canada,CAN
202512,2025,12,export,928096.25,Chile,CHL
202512,2025,12,export,29155368.72,Colombia,COL
202512,2025,12,export,20488538.0,Croatia,HRV
202512,2025,12,export,1414323.689,Cyprus,CYP
202512,2025,12,export,110813795.0,Czechia,CZE
202512,2025,12,export,58948982.35,Denmark,DNK
202512,2025,12,export,140693.94,El Salvador,SLV
202512,2025,12,export,14667991.46,Estonia,EST
202512,2025,12,export,24275.568,Fiji,FJI
202512,2025,12,export,6447390.595,Finland,FIN
202512,2025,12,export,1053271563.943,France,FRA
202512,2025,12,export,2838840.695,Georgia,GEO
202512,2025,12,export,368971993.0,Germany,DEU
202512,2025,12,export,1041578.629,Ghana,GHA
202512,2025,12,export,22195487.081,Greece,GRC
202512,2025,12,export,2769420.0,Guatemala,GTM
202512,2025,12,export,16.787,Guyana,GUY
202512,2025,12,export,330720020.76,"China, Hong Kong SAR",HKG
202512,2025,12,export,21342578.038,Hungary,HUN
202512,2025,12,export,1112255.124,Iceland,ISL
202512,2025,12,export,17842902.146,Indonesia,IDN
202512,2025,12,export,17897894.862,Ireland,IRL
202512,2025,12,export,19562000.0,Israel,ISR
202512,2025,12,export,291269551.808,Italy,ITA
202512,2025,12,export,279278276.411,Japan,JPN
202512,2025,12,export,883670410.0,Rep. of Korea,KOR
202512,2025,12,export,1222592.0,Kyrgyzstan,KGZ
202512,2025,12,export,10566779.696,Latvia,LVA
202512,2025,12,export,7248926.0,Lithuania,LTU
202512,2025,12,export,9143334.041,Luxembourg,LUX
202512,2025,12,export,185517.572,"China, Macao SAR",MAC
202512,2025,12,export,26818400.061,Malaysia,MYS
202512,2025,12,export,297122.673,Malta,MLT
202512,2025,12,export,1460655.241,Mauritius,MUS
202512,2025,12,export,40166535.0,Mexico,MEX
202512,2025,12,export,413887.0,Rep. of Moldova,MDA
202512,2025,12,export,55943.3,Montenegro,MNE
202512,2025,12,export,3169298.271,Morocco,MAR
202512,2025,12,export,197139790.762,Netherlands,NLD
202512,2025,12,export,7296507.696,New Zealand,NZL
202512,2025,12,export,430916.33,Nigeria,NGA
202512,2025,12,export,3320696.231,Norway,NOR
202512,2025,12,export,2001566.102,Pakistan,PAK
202512,2025,12,export,2816.0,Panama,PAN
202512,2025,12,export,167383.67,Paraguay,PRY
202512,2025,12,export,3866103.0,Philippines,PHL
202512,2025,12,export,267242882.0,Poland,POL
202512,2025,12,export,8306428.812,Portugal,PRT
202512,2025,12,export,10279426.69,Romania,ROU
202512,2025,12,export,4403375.0,Serbia,SRB
202512,2025,12,export,31739862.869,India,IND
202512,2025,12,export,286655258.423,Singapore,SGP
202512,2025,12,export,8601546.954,Slovakia,SVK
202512,2025,12,export,6444935.685,Slovenia,SVN
202512,2025,12,export,33711721.111,South Africa,ZAF
202512,2025,12,export,184715445.722,Spain,ESP
202512,2025,12,export,48797203.031,Sweden,SWE
202512,2025,12,export,85279473.772,Switzerland,CHE
202512,2025,12,export,9015934.619,Togo,TGO
202512,2025,12,export,84328.229,Trinidad and Tobago,TTO
202512,2025,12,export,39654758.0,Türkiye,TUR
202512,2025,12,export,690122.82,North Macedonia,MKD
202512,2025,12,export,3415573.044,Egypt,EGY
202512,2025,12,export,164453378.06,United Kingdom,GBR
202512,2025,12,export,508164114.0,USA,USA
202601,2026,1,export,74.662,Andorra,AND
202601,2026,1,export,4482.65,Angola,AGO
202601,2026,1,export,6622.72,Azerbaijan,AZE
202601,2026,1,export,1482519.0,Argentina,ARG
202601,2026,1,export,28828428.779,Australia,AUS
202601,2026,1,export,665056.48,Armenia,ARM
202601,2026,1,export,14833.0,Barbados,BRB
202601,2026,1,export,127697527.845,Belgium,BEL
202601,2026,1,export,7987.03,Bolivia (Plurinational State of),BOL
202601,2026,1,export,294958.709,Bosnia Herzegovina,BIH
202601,2026,1,export,8552118.0,Brazil,BRA
202601,2026,1,export,109021172.485,Canada,CAN
202601,2026,1,export,443214.242,Chile,CHL
202601,2026,1,export,19821173.0,Croatia,HRV
202601,2026,1,export,95696453.0,Czechia,CZE
202601,2026,1,export,65946768.868,Denmark,DNK
202601,2026,1,export,222567.75,El Salvador,SLV
202601,2026,1,export,17302000.33,Estonia,EST
202601,2026,1,export,5.02,Faroe Isds,FRO
202601,2026,1,export,189282.997,Fiji,FJI
202601,2026,1,export,7125886.364,Finland,FIN
202601,2026,1,export,1960639.917,Georgia,GEO
202601,2026,1,export,432778267.124,Germany,DEU
202601,2026,1,export,179795.032,Ghana,GHA
202601,2026,1,export,25859122.33,Greece,GRC
202601,2026,1,export,2516982.0,Guatemala,GTM
202601,2026,1,export,23.022,Guyana,GUY
202601,2026,1,export,327732698.868,"China, Hong Kong SAR",HKG
202601,2026,1,export,20831007.632,Hungary,HUN
202601,2026,1,export,688440.989,Iceland,ISL
202601,2026,1,export,15009685.818,Indonesia,IDN
202601,2026,1,export,17357221.017,Ireland,IRL
202601,2026,1,export,15177000.0,Israel,ISR
202601,2026,1,export,238377403.644,Italy,ITA
202601,2026,1,export,279722090.959,Japan,JPN
202601,2026,1,export,1370976.0,Kyrgyzstan,KGZ
202601,2026,1,export,8746918.25,Latvia,LVA
202601,2026,1,export,7492469.0,Lithuania,LTU
202601,2026,1,export,8154578.741,Luxembourg,LUX
202601,2026,1,export,268384.697,"China, Macao SAR",MAC
202601,2026,1,export,17571969.579,Malaysia,MYS
202601,2026,1,export,1157300.654,Mauritius,MUS
202601,2026,1,export,32471960.0,Mexico,MEX
202601,2026,1,export,450541.0,Rep. of Moldova,MDA
202601,2026,1,export,153321785.816,Netherlands,NLD
202601,2026,1,export,3361940.657,New Zealand,NZL
202601,2026,1,export,3920642.79,Norway,NOR
202601,2026,1,export,2294010.882,Pakistan,PAK
202601,2026,1,export,117152.0,Panama,PAN
202601,2026,1,export,20193.0,Paraguay,PRY
202601,2026,1,export,3234234.0,Philippines,PHL
202601,2026,1,export,239697538.0,Poland,POL
202601,2026,1,export,8332889.538,Portugal,PRT
202601,2026,1,export,8029157.03,Romania,ROU
202601,2026,1,export,1794901.0,Serbia,SRB
202601,2026,1,export,24702299.239,India,IND
202601,2026,1,export,16060198.54,Slovakia,SVK
202601,2026,1,export,6972665.811,Slovenia,SVN
202601,2026,1,export,24515861.067,South Africa,ZAF
202601,2026,1,export,163032577.542,Spain,ESP
202601,2026,1,export,63882661.631,Sweden,SWE
202601,2026,1,export,128980697.883,Switzerland,CHE
202601,2026,1,export,4413221.032,Togo,TGO
202601,2026,1,export,164863.257,North Macedonia,MKD
202601,2026,1,export,2035343.199,Egypt,EGY
202601,2026,1,export,147210068.423,United Kingdom,GBR
202601,2026,1,export,429891319.0,USA,USA
202601,2026,1,export,81948.0,Uzbekistan,UZB
202602,2026,2,export,148397.821,Andorra,AND
202602,2026,2,export,5559.35,Angola,AGO
202602,2026,2,export,11244.11,Azerbaijan,AZE
202602,2026,2,export,1093850.39,Argentina,ARG
202602,2026,2,export,32798868.989,Australia,AUS
202602,2026,2,export,1182828.37,Armenia,ARM
202602,2026,2,export,30103.5,Barbados,BRB
202602,2026,2,export,107956830.78,Belgium,BEL
202602,2026,2,export,358041.906,Bosnia Herzegovina,BIH
202602,2026,2,export,11133759.0,Brazil,BRA
202602,2026,2,export,123217632.472,Canada,CAN
202602,2026,2,export,389848.201,Chile,CHL
202602,2026,2,export,29615751.0,Croatia,HRV
202602,2026,2,export,108550661.0,Czechia,CZE
202602,2026,2,export,62930489.832,Denmark,DNK
202602,2026,2,export,303967.17,El Salvador,SLV
202602,2026,2,export,22328123.71,Estonia,EST
202602,2026,2,export,21.518,Faroe Isds,FRO
202602,2026,2,export,118151.585,Fiji,FJI
202602,2026,2,export,6719724.597,Finland,FIN
202602,2026,2,export,1634739.47,Georgia,GEO
202602,2026,2,export,393349436.0,Germany,DEU
202602,2026,2,export,240934.319,Ghana,GHA
202602,2026,2,export,28766897.064,Greece,GRC
202602,2026,2,export,3196718.0,Guatemala,GTM
202602,2026,2,export,20.144,Guyana,GUY
202602,2026,2,export,218795085.233,"China, Hong Kong SAR",HKG
202602,2026,2,export,24068101.936,Hungary,HUN
202602,2026,2,export,654954.585,Iceland,ISL
202602,2026,2,export,16244492.267,Indonesia,IDN
202602,2026,2,export,19818667.679,Ireland,IRL
202602,2026,2,export,17137000.0,Israel,ISR
202602,2026,2,export,275521000.753,Italy,ITA
202602,2026,2,export,241962160.98,Japan,JPN
202602,2026,2,export,3046057.0,Kyrgyzstan,KGZ
202602,2026,2,export,7745896.84,Latvia,LVA
202602,2026,2,export,8357854.0,Lithuania,LTU
202602,2026,2,export,8239616.916,Luxembourg,LUX
202602,2026,2,export,228354.216,"China, Macao SAR",MAC
202602,2026,2,export,15168521.51,Malaysia,MYS
202602,2026,2,export,1010301.071,Mauritius,MUS
202602,2026,2,export,40245220.0,Mexico,MEX
202602,2026,2,export,441560.0,Rep. of Moldova,MDA
202602,2026,2,export,173222103.103,Netherlands,NLD
202602,2026,2,export,4587420.284,New Zealand,NZL
202602,2026,2,export,3769488.893,Norway,NOR
202602,2026,2,export,78211.0,Panama,PAN
202602,2026,2,export,57078.85,Paraguay,PRY
202602,2026,2,export,5574376.0,Philippines,PHL
202602,2026,2,export,271064922.0,Poland,POL
202602,2026,2,export,10025411.33,Portugal,PRT
202602,2026,2,export,12293719.15,Romania,ROU
202602,2026,2,export,4447970.0,Serbia,SRB
202602,2026,2,export,23288758.446,India,IND
202602,2026,2,export,20822901.765,Slovakia,SVK
202602,2026,2,export,8089833.435,Slovenia,SVN
202602,2026,2,export,29120787.327,South Africa,ZAF
202602,2026,2,export,200509339.76,Spain,ESP
202602,2026,2,export,23.0,South Sudan,SSD
202602,2026,2,export,64416309.072,Sweden,SWE
202602,2026,2,export,100953113.229,Switzerland,CHE
202602,2026,2,export,6374018.782,Togo,TGO
202602,2026,2,export,498779.538,North Macedonia,MKD
202602,2026,2,export,6064604.377,Egypt,EGY
202602,2026,2,export,179981206.422,United Kingdom,GBR
202602,2026,2,export,487340824.0,USA,USA
202602,2026,2,export,119140.0,Uzbekistan,UZB
202603,2026,3,export,105338.905,Andorra,AND
202603,2026,3,export,2958.48,Angola,AGO
202603,2026,3,export,31772.0,Azerbaijan,AZE
202603,2026,3,export,1529638.39,Argentina,ARG
202603,2026,3,export,34655336.321,Australia,AUS
202603,2026,3,export,990440.62,Armenia,ARM
202603,2026,3,export,39804.5,Barbados,BRB
202603,2026,3,export,134825747.378,Belgium,BEL
202603,2026,3,export,331432.878,Bosnia Herzegovina,BIH
202603,2026,3,export,11578550.0,Brazil,BRA
202603,2026,3,export,143390086.686,Canada,CAN
202603,2026,3,export,409611.508,Chile,CHL
202603,2026,3,export,31609589.0,Croatia,HRV
202603,2026,3,export,119778901.0,Czechia,CZE
202603,2026,3,export,73504645.472,Denmark,DNK
202603,2026,3,export,591865.63,El Salvador,SLV
202603,2026,3,export,23348144.95,Estonia,EST
202603,2026,3,export,85656.87,Fiji,FJI
202603,2026,3,export,8143309.259,Finland,FIN
202603,2026,3,export,2639104.962,Georgia,GEO
202603,2026,3,export,412643564.0,Germany,DEU
202603,2026,3,export,95081.029,Ghana,GHA
202603,2026,3,export,31720927.905,Greece,GRC
202603,2026,3,export,4370513.0,Guatemala,GTM
202603,2026,3,export,166.988,Guyana,GUY
202603,2026,3,export,350769484.783,"China, Hong Kong SAR",HKG
202603,2026,3,export,25816588.023,Hungary,HUN
202603,2026,3,export,1269503.007,Iceland,ISL
202603,2026,3,export,14493795.577,Indonesia,IDN
202603,2026,3,export,20351970.764,Ireland,IRL
202603,2026,3,export,19879000.0,Israel,ISR
202603,2026,3,export,306915279.581,Italy,ITA
202603,2026,3,export,326743722.78,Japan,JPN
202603,2026,3,export,1203321.0,Kyrgyzstan,KGZ
202603,2026,3,export,10970650.442,Latvia,LVA
202603,2026,3,export,10152131.0,Lithuania,LTU
202603,2026,3,export,9302777.408,Luxembourg,LUX
202603,2026,3,export,18086888.671,Malaysia,MYS
202603,2026,3,export,493466.13,Mauritius,MUS
202603,2026,3,export,47231290.0,Mexico,MEX
202603,2026,3,export,422455.0,Rep. of Moldova,MDA
202603,2026,3,export,195519194.168,Netherlands,NLD
202603,2026,3,export,9245401.067,New Zealand,NZL
202603,2026,3,export,3665816.122,Norway,NOR
202603,2026,3,export,121103.0,Panama,PAN
202603,2026,3,export,28085.56,Paraguay,PRY
202603,2026,3,export,11830451.0,Philippines,PHL
202603,2026,3,export,288920248.0,Poland,POL
202603,2026,3,export,10265830.072,Portugal,PRT
202603,2026,3,export,13795291.43,Romania,ROU
202603,2026,3,export,5506634.0,Serbia,SRB
202603,2026,3,export,23902209.547,India,IND
202603,2026,3,export,13137017.913,Slovakia,SVK
202603,2026,3,export,11161059.931,Slovenia,SVN
202603,2026,3,export,31193166.157,South Africa,ZAF
202603,2026,3,export,245407356.311,Spain,ESP
202603,2026,3,export,30.0,South Sudan,SSD
202603,2026,3,export,64551002.731,Sweden,SWE
202603,2026,3,export,105022578.101,Switzerland,CHE
202603,2026,3,export,7750236.796,Togo,TGO
202603,2026,3,export,345269.617,North Macedonia,MKD
202603,2026,3,export,178079076.584,United Kingdom,GBR
202603,2026,3,export,517394742.0,USA,USA
202604,2026,4,export,105664.635,Andorra,AND
202604,2026,4,export,9340.32,Angola,AGO
202604,2026,4,export,29534.5,Azerbaijan,AZE
202604,2026,4,export,37778751.56,Australia,AUS
202604,2026,4,export,715627.21,Armenia,ARM
202604,2026,4,export,213065.5,Barbados,BRB
202604,2026,4,export,5435.12,Bolivia (Plurinational State of),BOL
202604,2026,4,export,398181.903,Bosnia Herzegovina,BIH
202604,2026,4,export,11224841.0,Brazil,BRA
202604,2026,4,export,135199298.751,Canada,CAN
202604,2026,4,export,511553.501,Chile,CHL
202604,2026,4,export,100663575.0,Czechia,CZE
202604,2026,4,export,67979449.163,Denmark,DNK
202604,2026,4,export,29776781.57,Estonia,EST
202604,2026,4,export,1388680.259,Georgia,GEO
202604,2026,4,export,378093202.0,Germany,DEU
202604,2026,4,export,28178963.597,Greece,GRC
202604,2026,4,export,24245347.226,Hungary,HUN
202604,2026,4,export,876560.018,Iceland,ISL
202604,2026,4,export,16283560.62,Indonesia,IDN
202604,2026,4,export,18465000.0,Israel,ISR
202604,2026,4,export,313284429.026,Japan,JPN
202604,2026,4,export,9027554.25,Latvia,LVA
202604,2026,4,export,9179987.0,Lithuania,LTU
202604,2026,4,export,9979220.03,Luxembourg,LUX
202604,2026,4,export,17964744.933,Malaysia,MYS
202604,2026,4,export,45192921.0,Mexico,MEX
202604,2026,4,export,5317993.258,New Zealand,NZL
202604,2026,4,export,3911169.277,Norway,NOR
202604,2026,4,export,959.0,Panama,PAN
202604,2026,4,export,11035777.804,Portugal,PRT
202604,2026,4,export,4832341.0,Serbia,SRB
202604,2026,4,export,89141710.737,Switzerland,CHE
202604,2026,4,export,408591.761,North Macedonia,MKD
202605,2026,5,export,140696.344,Andorra,AND
202605,2026,5,export,180613.0,Barbados,BRB
202605,2026,5,export,12215523.0,Brazil,BRA
202605,2026,5,export,2770232.365,Georgia,GEO
202605,2026,5,export,6337436.327,New Zealand,NZL
202605,2026,5,export,2881677.546,Norway,NOR
202605,2026,5,export,91277406.1,Switzerland,CHE
202505,2025,5,import,5386431.57,Azerbaijan,AZE
202505,2025,5,import,14197957.1,Argentina,ARG
202505,2025,5,import,108798578.242,Australia,AUS
202505,2025,5,import,3625704.48,Armenia,ARM
202505,2025,5,import,535314.5,Barbados,BRB
202505,2025,5,import,106715809.041,Belgium,BEL
202505,2025,5,import,306696.338,Bhutan,BTN
202505,2025,5,import,2858968.0,Bolivia (Plurinational State of),BOL
202505,2025,5,import,7066301.165,Bosnia Herzegovina,BIH
202505,2025,5,import,24252114.0,Brazil,BRA
202505,2025,5,import,47338.93,Belize,BLZ
202505,2025,5,import,16543841.447,Bulgaria,BGR
202505,2025,5,import,142338563.675,Canada,CAN
202505,2025,5,import,35181350.772,Chile,CHL
202505,2025,5,import,25056660.53,Colombia,COL
202505,2025,5,import,28122293.0,Croatia,HRV
202505,2025,5,import,10696984.543,Cyprus,CYP
202505,2025,5,import,92877371.0,Czechia,CZE
202505,2025,5,import,46417985.243,Denmark,DNK
202505,2025,5,import,6568730.88,El Salvador,SLV
202505,2025,5,import,16866362.83,Estonia,EST
202505,2025,5,import,522919.433,Faroe Isds,FRO
202505,2025,5,import,788859.402,Fiji,FJI
202505,2025,5,import,21405318.185,Finland,FIN
202505,2025,5,import,236376773.33,France,FRA
202505,2025,5,import,9536696.908,Georgia,GEO
202505,2025,5,import,329625881.384,Germany,DEU
202505,2025,5,import,813746.009,Ghana,GHA
202505,2025,5,import,28437953.41,Greece,GRC
202505,2025,5,import,196714.633,Grenada,GRD
202505,2025,5,import,10095659.0,Guatemala,GTM
202505,2025,5,import,594268.128,Guyana,GUY
202505,2025,5,import,342040742.657,"China, Hong Kong SAR",HKG
202505,2025,5,import,23653238.916,Hungary,HUN
202505,2025,5,import,3702936.234,Iceland,ISL
202505,2025,5,import,43201473.72,Indonesia,IDN
202505,2025,5,import,51133025.735,Ireland,IRL
202505,2025,5,import,14336000.0,Israel,ISR
202505,2025,5,import,141795017.338,Italy,ITA
202505,2025,5,import,163130719.951,Japan,JPN
202505,2025,5,import,76405859.0,Rep. of Korea,KOR
202505,2025,5,import,2982498.0,Kyrgyzstan,KGZ
202505,2025,5,import,9077385.856,Latvia,LVA
202505,2025,5,import,18181306.0,Lithuania,LTU
202505,2025,5,import,11111170.942,Luxembourg,LUX
202505,2025,5,import,99801694.809,"China, Macao SAR",MAC
202505,2025,5,import,55835015.596,Malaysia,MYS
202505,2025,5,import,4976684.365,Malta,MLT
202505,2025,5,import,2892617.311,Mauritius,MUS
202505,2025,5,import,83752431.0,Mexico,MEX
202505,2025,5,import,4477344.0,Rep. of Moldova,MDA
202505,2025,5,import,2972451.789,Montenegro,MNE
202505,2025,5,import,14770959.671,Morocco,MAR
202505,2025,5,import,14177027.286,Oman,OMN
202505,2025,5,import,163813765.449,Netherlands,NLD
202505,2025,5,import,24314028.291,New Zealand,NZL
202505,2025,5,import,831418.013,Nigeria,NGA
202505,2025,5,import,41930545.319,Norway,NOR
202505,2025,5,import,1405557.603,Pakistan,PAK
202505,2025,5,import,4476072.0,Panama,PAN
202505,2025,5,import,4631711.047,Paraguay,PRY
202505,2025,5,import,24307871.0,Philippines,PHL
202505,2025,5,import,186652132.0,Poland,POL
202505,2025,5,import,42690031.184,Portugal,PRT
202505,2025,5,import,37041763.07,Romania,ROU
202505,2025,5,import,107222294.919,Saudi Arabia,SAU
202505,2025,5,import,12061948.0,Serbia,SRB
202505,2025,5,import,42007927.357,India,IND
202505,2025,5,import,229608057.389,Singapore,SGP
202505,2025,5,import,35704787.443,Slovakia,SVK
202505,2025,5,import,10161811.443,Slovenia,SVN
202505,2025,5,import,24563365.681,South Africa,ZAF
202505,2025,5,import,154610455.049,Spain,ESP
202505,2025,5,import,229510.615,South Sudan,SSD
202505,2025,5,import,53504864.838,Sweden,SWE
202505,2025,5,import,61379991.528,Switzerland,CHE
202505,2025,5,import,185712.652,Togo,TGO
202505,2025,5,import,1621686.232,Trinidad and Tobago,TTO
202505,2025,5,import,57088336.0,Türkiye,TUR
202505,2025,5,import,25740406.44,Ukraine,UKR
202505,2025,5,import,3157795.36,North Macedonia,MKD
202505,2025,5,import,4563970.66,Egypt,EGY
202505,2025,5,import,285089504.224,United Kingdom,GBR
202505,2025,5,import,608694338.0,USA,USA
202505,2025,5,import,3379184.0,Uzbekistan,UZB
202506,2025,6,import,5411764.97,Azerbaijan,AZE
202506,2025,6,import,14443209.45,Argentina,ARG
202506,2025,6,import,103219913.113,Australia,AUS
202506,2025,6,import,3292072.77,Armenia,ARM
202506,2025,6,import,469742.5,Barbados,BRB
202506,2025,6,import,101823313.643,Belgium,BEL
202506,2025,6,import,276181.916,Bhutan,BTN
202506,2025,6,import,2923911.0,Bolivia (Plurinational State of),BOL
202506,2025,6,import,7212506.61,Bosnia Herzegovina,BIH
202506,2025,6,import,22312316.0,Brazil,BRA
202506,2025,6,import,70940.55,Belize,BLZ
202506,2025,6,import,18917077.893,Bulgaria,BGR
202506,2025,6,import,144471676.723,Canada,CAN
202506,2025,6,import,33300431.284,Chile,CHL
202506,2025,6,import,25956653.88,Colombia,COL
202506,2025,6,import,32248329.0,Croatia,HRV
202506,2025,6,import,9427597.986,Cyprus,CYP
202506,2025,6,import,92587921.0,Czechia,CZE
202506,2025,6,import,44424854.668,Denmark,DNK
202506,2025,6,import,5618971.07,El Salvador,SLV
202506,2025,6,import,16348750.83,Estonia,EST
202506,2025,6,import,388706.801,Faroe Isds,FRO
202506,2025,6,import,904908.478,Fiji,FJI
202506,2025,6,import,19677266.557,Finland,FIN
202506,2025,6,import,259947929.507,France,FRA
202506,2025,6,import,8810717.173,Georgia,GEO
202506,2025,6,import,326659751.028,Germany,DEU
202506,2025,6,import,1231368.647,Ghana,GHA
202506,2025,6,import,28187826.847,Greece,GRC
202506,2025,6,import,196250.181,Grenada,GRD
202506,2025,6,import,9592485.0,Guatemala,GTM
202506,2025,6,import,402365.364,Guyana,GUY
202506,2025,6,import,324728051.759,"China, Hong Kong SAR",HKG
202506,2025,6,import,25461485.963,Hungary,HUN
202506,2025,6,import,3312450.239,Iceland,ISL
202506,2025,6,import,44410186.494,Indonesia,IDN
202506,2025,6,import,49370910.582,Ireland,IRL
202506,2025,6,import,19714000.0,Israel,ISR
202506,2025,6,import,132218812.293,Italy,ITA
202506,2025,6,import,154518550.52,Japan,JPN
202506,2025,6,import,83734739.0,Rep. of Korea,KOR
202506,2025,6,import,3833387.0,Kyrgyzstan,KGZ
202506,2025,6,import,8165551.348,Latvia,LVA
202506,2025,6,import,16105528.0,Lithuania,LTU
202506,2025,6,import,10819847.641,Luxembourg,LUX
202506,2025,6,import,88151048.632,"China, Macao SAR",MAC
202506,2025,6,import,55066165.405,Malaysia,MYS
202506,2025,6,import,4098712.354,Malta,MLT
202506,2025,6,import,2621875.886,Mauritius,MUS
202506,2025,6,import,97779707.0,Mexico,MEX
202506,2025,6,import,4088907.0,Rep. of Moldova,MDA
202506,2025,6,import,2981798.056,Montenegro,MNE
202506,2025,6,import,13904155.435,Morocco,MAR
202506,2025,6,import,174729887.13,Netherlands,NLD
202506,2025,6,import,20577730.41,New Zealand,NZL
202506,2025,6,import,710636.661,Nigeria,NGA
202506,2025,6,import,39727768.361,Norway,NOR
202506,2025,6,import,1807439.15,Pakistan,PAK
202506,2025,6,import,5540935.0,Panama,PAN
202506,2025,6,import,3691319.808,Paraguay,PRY
202506,2025,6,import,21979553.0,Philippines,PHL
202506,2025,6,import,201955054.0,Poland,POL
202506,2025,6,import,44049329.241,Portugal,PRT
202506,2025,6,import,33288748.8,Romania,ROU
202506,2025,6,import,72963118.176,Saudi Arabia,SAU
202506,2025,6,import,11541727.0,Serbia,SRB
202506,2025,6,import,37200108.914,India,IND
202506,2025,6,import,228953395.57,Singapore,SGP
202506,2025,6,import,33114917.202,Slovakia,SVK
202506,2025,6,import,11024564.594,Slovenia,SVN
202506,2025,6,import,22249039.176,South Africa,ZAF
202506,2025,6,import,165796885.948,Spain,ESP
202506,2025,6,import,190540.115,South Sudan,SSD
202506,2025,6,import,55602321.623,Sweden,SWE
202506,2025,6,import,61917442.137,Switzerland,CHE
202506,2025,6,import,294048.181,Togo,TGO
202506,2025,6,import,1352004.573,Trinidad and Tobago,TTO
202506,2025,6,import,50938480.0,Türkiye,TUR
202506,2025,6,import,24282796.5,Ukraine,UKR
202506,2025,6,import,2940572.286,North Macedonia,MKD
202506,2025,6,import,3511317.562,Egypt,EGY
202506,2025,6,import,262515444.348,United Kingdom,GBR
202506,2025,6,import,645023202.0,USA,USA
202506,2025,6,import,5674878.0,Uzbekistan,UZB
202507,2025,7,import,5251086.72,Azerbaijan,AZE
202507,2025,7,import,16876498.61,Argentina,ARG
202507,2025,7,import,111812051.38,Australia,AUS
202507,2025,7,import,2889600.22,Armenia,ARM
202507,2025,7,import,450635.5,Barbados,BRB
202507,2025,7,import,106794033.155,Belgium,BEL
202507,2025,7,import,349633.715,Bhutan,BTN
202507,2025,7,import,3483347.0,Bolivia (Plurinational State of),BOL
202507,2025,7,import,6685750.523,Bosnia Herzegovina,BIH
202507,2025,7,import,21693787.0,Brazil,BRA
202507,2025,7,import,177747.08,Belize,BLZ
202507,2025,7,import,16323188.335,Bulgaria,BGR
202507,2025,7,import,142896880.92,Canada,CAN
202507,2025,7,import,37283020.106,Chile,CHL
202507,2025,7,import,29310675.06,Colombia,COL
202507,2025,7,import,32633507.0,Croatia,HRV
202507,2025,7,import,10171700.003,Cyprus,CYP
202507,2025,7,import,84161321.0,Czechia,CZE
202507,2025,7,import,54035097.11,Denmark,DNK
202507,2025,7,import,7523245.52,El Salvador,SLV
202507,2025,7,import,19561196.43,Estonia,EST
202507,2025,7,import,353546.743,Faroe Isds,FRO
202507,2025,7,import,718666.212,Fiji,FJI
202507,2025,7,import,19926803.165,Finland,FIN
202507,2025,7,import,273173612.722,France,FRA
202507,2025,7,import,8375339.979,Georgia,GEO
202507,2025,7,import,361285609.518,Germany,DEU
202507,2025,7,import,1551037.862,Ghana,GHA
202507,2025,7,import,28459982.654,Greece,GRC
202507,2025,7,import,12786783.0,Guatemala,GTM
202507,2025,7,import,317478.689,Guyana,GUY
202507,2025,7,import,284538799.082,"China, Hong Kong SAR",HKG
202507,2025,7,import,23530773.504,Hungary,HUN
202507,2025,7,import,4371228.183,Iceland,ISL
202507,2025,7,import,56467046.115,Indonesia,IDN
202507,2025,7,import,53906308.916,Ireland,IRL
202507,2025,7,import,24816000.0,Israel,ISR
202507,2025,7,import,147533490.851,Italy,ITA
202507,2025,7,import,160149917.062,Japan,JPN
202507,2025,7,import,80132642.0,Rep. of Korea,KOR
202507,2025,7,import,3221047.0,Kyrgyzstan,KGZ
202507,2025,7,import,8911153.916,Latvia,LVA
202507,2025,7,import,17956144.0,Lithuania,LTU
202507,2025,7,import,12337552.883,Luxembourg,LUX
202507,2025,7,import,95393094.499,"China, Macao SAR",MAC
202507,2025,7,import,57493036.867,Malaysia,MYS
202507,2025,7,import,3656046.523,Malta,MLT
202507,2025,7,import,2388159.62,Mauritius,MUS
202507,2025,7,import,98574273.0,Mexico,MEX
202507,2025,7,import,3659608.0,Rep. of Moldova,MDA
202507,2025,7,import,2474041.571,Montenegro,MNE
202507,2025,7,import,17438041.744,Morocco,MAR
202507,2025,7,import,169545150.023,Netherlands,NLD
202507,2025,7,import,21902569.925,New Zealand,NZL
202507,2025,7,import,2850200.953,Nigeria,NGA
202507,2025,7,import,39172252.392,Norway,NOR
202507,2025,7,import,2333708.859,Pakistan,PAK
202507,2025,7,import,5080310.0,Panama,PAN
202507,2025,7,import,5717716.876,Paraguay,PRY
202507,2025,7,import,24650615.0,Philippines,PHL
202507,2025,7,import,209183165.0,Poland,POL
202507,2025,7,import,48608578.614,Portugal,PRT
202507,2025,7,import,32044401.87,Romania,ROU
202507,2025,7,import,94788384.297,Saudi Arabia,SAU
202507,2025,7,import,9911604.0,Serbia,SRB
202507,2025,7,import,45184692.927,India,IND
202507,2025,7,import,248628879.772,Singapore,SGP
202507,2025,7,import,35541463.367,Slovakia,SVK
202507,2025,7,import,9733370.36,Slovenia,SVN
202507,2025,7,import,25007698.082,South Africa,ZAF
202507,2025,7,import,165709624.807,Spain,ESP
202507,2025,7,import,179353.749,South Sudan,SSD
202507,2025,7,import,56428174.365,Sweden,SWE
202507,2025,7,import,61532887.557,Switzerland,CHE
202507,2025,7,import,384040.08,Togo,TGO
202507,2025,7,import,2701190.766,Trinidad and Tobago,TTO
202507,2025,7,import,67224539.0,Türkiye,TUR
202507,2025,7,import,24171063.57,Ukraine,UKR
202507,2025,7,import,3260418.87,North Macedonia,MKD
202507,2025,7,import,6205677.222,Egypt,EGY
202507,2025,7,import,296472108.632,United Kingdom,GBR
202507,2025,7,import,704756966.0,USA,USA
202507,2025,7,import,4754288.0,Uzbekistan,UZB
202508,2025,8,import,4370741.9,Azerbaijan,AZE
202508,2025,8,import,13063435.87,Argentina,ARG
202508,2025,8,import,107015664.932,Australia,AUS
202508,2025,8,import,4436359.74,Armenia,ARM
202508,2025,8,import,628589.0,Barbados,BRB
202508,2025,8,import,84544122.485,Belgium,BEL
202508,2025,8,import,236697.658,Bhutan,BTN
202508,2025,8,import,2685023.0,Bolivia (Plurinational State of),BOL
202508,2025,8,import,6791829.317,Bosnia Herzegovina,BIH
202508,2025,8,import,27349581.0,Brazil,BRA
202508,2025,8,import,308041.795,Belize,BLZ
202508,2025,8,import,14964061.578,Bulgaria,BGR
202508,2025,8,import,181435729.445,Canada,CAN
202508,2025,8,import,39363713.07,Chile,CHL
202508,2025,8,import,20750213.57,Colombia,COL
202508,2025,8,import,28985094.0,Croatia,HRV
202508,2025,8,import,7774820.178,Cyprus,CYP
202508,2025,8,import,90233205.0,Czechia,CZE
202508,2025,8,import,43134456.619,Denmark,DNK
202508,2025,8,import,5572175.57,El Salvador,SLV
202508,2025,8,import,15106059.15,Estonia,EST
202508,2025,8,import,419516.992,Faroe Isds,FRO
202508,2025,8,import,646120.131,Fiji,FJI
202508,2025,8,import,21176134.528,Finland,FIN
202508,2025,8,import,234857369.208,France,FRA
202508,2025,8,import,7117662.897,Georgia,GEO
202508,2025,8,import,320759438.487,Germany,DEU
202508,2025,8,import,1329822.129,Ghana,GHA
202508,2025,8,import,20194659.47,Greece,GRC
202508,2025,8,import,9980092.0,Guatemala,GTM
202508,2025,8,import,691610.296,Guyana,GUY
202508,2025,8,import,282736164.362,"China, Hong Kong SAR",HKG
202508,2025,8,import,19838206.262,Hungary,HUN
202508,2025,8,import,2910023.353,Iceland,ISL
202508,2025,8,import,48933590.438,Indonesia,IDN
202508,2025,8,import,45074841.401,Ireland,IRL
202508,2025,8,import,18764000.0,Israel,ISR
202508,2025,8,import,116892927.473,Italy,ITA
202508,2025,8,import,142909367.342,Japan,JPN
202508,2025,8,import,82123069.0,Rep. of Korea,KOR
202508,2025,8,import,3956231.0,Kyrgyzstan,KGZ
202508,2025,8,import,9347916.215,Latvia,LVA
202508,2025,8,import,16407580.0,Lithuania,LTU
202508,2025,8,import,10939895.306,Luxembourg,LUX
202508,2025,8,import,84498014.295,"China, Macao SAR",MAC
202508,2025,8,import,48905111.111,Malaysia,MYS
202508,2025,8,import,2138780.094,Malta,MLT
202508,2025,8,import,2401138.383,Mauritius,MUS
202508,2025,8,import,105481272.0,Mexico,MEX
202508,2025,8,import,3533893.0,Rep. of Moldova,MDA
202508,2025,8,import,2209045.379,Montenegro,MNE
202508,2025,8,import,12726519.045,Morocco,MAR
202508,2025,8,import,143715955.529,Netherlands,NLD
202508,2025,8,import,22651622.201,New Zealand,NZL
202508,2025,8,import,1366594.025,Nigeria,NGA
202508,2025,8,import,37560632.723,Norway,NOR
202508,2025,8,import,2347686.737,Pakistan,PAK
202508,2025,8,import,4254807.0,Panama,PAN
202508,2025,8,import,5187224.265,Paraguay,PRY
202508,2025,8,import,21502353.0,Philippines,PHL
202508,2025,8,import,185945418.0,Poland,POL
202508,2025,8,import,36224430.074,Portugal,PRT
202508,2025,8,import,30305233.9,Romania,ROU
202508,2025,8,import,8954611.0,Serbia,SRB
202508,2025,8,import,36516151.043,India,IND
202508,2025,8,import,190767681.964,Singapore,SGP
202508,2025,8,import,28140065.015,Slovakia,SVK
202508,2025,8,import,8518622.775,Slovenia,SVN
202508,2025,8,import,27846281.104,South Africa,ZAF
202508,2025,8,import,144943297.828,Spain,ESP
202508,2025,8,import,208083.327,South Sudan,SSD
202508,2025,8,import,55519491.994,Sweden,SWE
202508,2025,8,import,55388137.091,Switzerland,CHE
202508,2025,8,import,215053.09,Togo,TGO
202508,2025,8,import,1953713.205,Trinidad and Tobago,TTO
202508,2025,8,import,55079203.0,Türkiye,TUR
202508,2025,8,import,24913617.24,Ukraine,UKR
202508,2025,8,import,2318036.251,North Macedonia,MKD
202508,2025,8,import,5664562.569,Egypt,EGY
202508,2025,8,import,281949038.886,United Kingdom,GBR
202508,2025,8,import,587561383.0,USA,USA
202508,2025,8,import,3952661.0,Uzbekistan,UZB
202509,2025,9,import,5815628.56,Azerbaijan,AZE
202509,2025,9,import,18672051.82,Argentina,ARG
202509,2025,9,import,112279416.582,Australia,AUS
202509,2025,9,import,3525770.57,Armenia,ARM
202509,2025,9,import,515814.0,Barbados,BRB
202509,2025,9,import,101464571.521,Belgium,BEL
202509,2025,9,import,335704.86,Bhutan,BTN
202509,2025,9,import,3388407.0,Bolivia (Plurinational State of),BOL
202509,2025,9,import,7298440.293,Bosnia Herzegovina,BIH
202509,2025,9,import,27090331.0,Brazil,BRA
202509,2025,9,import,115195.865,Belize,BLZ
202509,2025,9,import,18008845.325,Bulgaria,BGR
202509,2025,9,import,164455711.703,Canada,CAN
202509,2025,9,import,32250922.047,Chile,CHL
202509,2025,9,import,25845404.02,Colombia,COL
202509,2025,9,import,33867241.0,Croatia,HRV
202509,2025,9,import,7509003.0,Cyprus,CYP
202509,2025,9,import,106606349.0,Czechia,CZE
202509,2025,9,import,52714066.74,Denmark,DNK
202509,2025,9,import,6257143.3,El Salvador,SLV
202509,2025,9,import,16932949.84,Estonia,EST
202509,2025,9,import,373707.321,Faroe Isds,FRO
202509,2025,9,import,493567.186,Fiji,FJI
202509,2025,9,import,24149729.098,Finland,FIN
202509,2025,9,import,285403582.676,France,FRA
202509,2025,9,import,7989318.861,Georgia,GEO
202509,2025,9,import,354642165.044,Germany,DEU
202509,2025,9,import,1494800.261,Ghana,GHA
202509,2025,9,import,33101067.658,Greece,GRC
202509,2025,9,import,12424972.0,Guatemala,GTM
202509,2025,9,import,591917.353,Guyana,GUY
202509,2025,9,import,287005706.136,"China, Hong Kong SAR",HKG
202509,2025,9,import,26557723.24,Hungary,HUN
202509,2025,9,import,4024657.577,Iceland,ISL
202509,2025,9,import,41472500.642,Indonesia,IDN
202509,2025,9,import,53815543.144,Ireland,IRL
202509,2025,9,import,18391000.0,Israel,ISR
202509,2025,9,import,173346608.708,Italy,ITA
202509,2025,9,import,155703808.271,Japan,JPN
202509,2025,9,import,92155145.0,Rep. of Korea,KOR
202509,2025,9,import,3925870.0,Kyrgyzstan,KGZ
202509,2025,9,import,12332196.874,Latvia,LVA
202509,2025,9,import,18338300.0,Lithuania,LTU
202509,2025,9,import,14103821.561,Luxembourg,LUX
202509,2025,9,import,101785626.44,"China, Macao SAR",MAC
202509,2025,9,import,45722232.478,Malaysia,MYS
202509,2025,9,import,3564366.772,Malta,MLT
202509,2025,9,import,4361826.261,Mauritius,MUS
202509,2025,9,import,101652480.0,Mexico,MEX
202509,2025,9,import,3931827.0,Rep. of Moldova,MDA
202509,2025,9,import,2431283.521,Montenegro,MNE
202509,2025,9,import,15354597.227,Morocco,MAR
202509,2025,9,import,156383055.473,Netherlands,NLD
202509,2025,9,import,25105496.916,New Zealand,NZL
202509,2025,9,import,2116450.873,Nigeria,NGA
202509,2025,9,import,48277423.593,Norway,NOR
202509,2025,9,import,2675027.668,Pakistan,PAK
202509,2025,9,import,4292976.0,Panama,PAN
202509,2025,9,import,5697425.126,Paraguay,PRY
202509,2025,9,import,20747059.0,Philippines,PHL
202509,2025,9,import,182609741.0,Poland,POL
202509,2025,9,import,40877593.781,Portugal,PRT
202509,2025,9,import,40767842.65,Romania,ROU
202509,2025,9,import,10751450.0,Serbia,SRB
202509,2025,9,import,44334693.227,India,IND
202509,2025,9,import,231448450.271,Singapore,SGP
202509,2025,9,import,34391925.9,Slovakia,SVK
202509,2025,9,import,10791255.313,Slovenia,SVN
202509,2025,9,import,27041024.444,South Africa,ZAF
202509,2025,9,import,164950499.864,Spain,ESP
202509,2025,9,import,175463.349,South Sudan,SSD
202509,2025,9,import,69886568.242,Sweden,SWE
202509,2025,9,import,74183419.385,Switzerland,CHE
202509,2025,9,import,394155.115,Togo,TGO
202509,2025,9,import,1765499.194,Trinidad and Tobago,TTO
202509,2025,9,import,60845171.0,Türkiye,TUR
202509,2025,9,import,26712855.95,Ukraine,UKR
202509,2025,9,import,3325838.803,North Macedonia,MKD
202509,2025,9,import,4537899.151,Egypt,EGY
202509,2025,9,import,302140861.274,United Kingdom,GBR
202509,2025,9,import,600571937.0,USA,USA
202509,2025,9,import,10688486.0,Uzbekistan,UZB
202510,2025,10,import,6348466.49,Azerbaijan,AZE
202510,2025,10,import,15925713.91,Argentina,ARG
202510,2025,10,import,118587121.455,Australia,AUS
202510,2025,10,import,4552636.32,Armenia,ARM
202510,2025,10,import,647517.0,Barbados,BRB
202510,2025,10,import,107341647.237,Belgium,BEL
202510,2025,10,import,190213.96,Bhutan,BTN
202510,2025,10,import,3395329.0,Bolivia (Plurinational State of),BOL
202510,2025,10,import,7086631.093,Bosnia Herzegovina,BIH
202510,2025,10,import,27220355.0,Brazil,BRA
202510,2025,10,import,48513.375,Belize,BLZ
202510,2025,10,import,181762335.386,Canada,CAN
202510,2025,10,import,44926143.657,Chile,CHL
202510,2025,10,import,37087082.31,Colombia,COL
202510,2025,10,import,36908124.0,Croatia,HRV
202510,2025,10,import,10750738.858,Cyprus,CYP
202510,2025,10,import,119520717.0,Czechia,CZE
202510,2025,10,import,51818018.398,Denmark,DNK
202510,2025,10,import,5349072.93,El Salvador,SLV
202510,2025,10,import,16263585.79,Estonia,EST
202510,2025,10,import,542395.527,Faroe Isds,FRO
202510,2025,10,import,1034413.724,Fiji,FJI
202510,2025,10,import,26196391.118,Finland,FIN
202510,2025,10,import,314593422.776,France,FRA
202510,2025,10,import,9934560.562,Georgia,GEO
202510,2025,10,import,364241651.543,Germany,DEU
202510,2025,10,import,1520222.704,Ghana,GHA
202510,2025,10,import,37975527.904,Greece,GRC
202510,2025,10,import,11237445.0,Guatemala,GTM
202510,2025,10,import,649861.066,Guyana,GUY
202510,2025,10,import,361915737.186,"China, Hong Kong SAR",HKG
202510,2025,10,import,30919596.561,Hungary,HUN
202510,2025,10,import,4094660.397,Iceland,ISL
202510,2025,10,import,54422469.456,Indonesia,IDN
202510,2025,10,import,61699851.518,Ireland,IRL
202510,2025,10,import,24044000.0,Israel,ISR
202510,2025,10,import,189851204.706,Italy,ITA
202510,2025,10,import,155458526.537,Japan,JPN
202510,2025,10,import,80117545.0,Rep. of Korea,KOR
202510,2025,10,import,4306311.0,Kyrgyzstan,KGZ
202510,2025,10,import,11879238.774,Latvia,LVA
202510,2025,10,import,18879824.0,Lithuania,LTU
202510,2025,10,import,14761775.151,Luxembourg,LUX
202510,2025,10,import,94639496.549,"China, Macao SAR",MAC
202510,2025,10,import,47526817.464,Malaysia,MYS
202510,2025,10,import,4035064.178,Malta,MLT
202510,2025,10,import,3682544.851,Mauritius,MUS
202510,2025,10,import,105117331.0,Mexico,MEX
202510,2025,10,import,4637534.0,Rep. of Moldova,MDA
202510,2025,10,import,2632623.434,Montenegro,MNE
202510,2025,10,import,16916460.091,Morocco,MAR
202510,2025,10,import,170007020.037,Netherlands,NLD
202510,2025,10,import,28158122.561,New Zealand,NZL
202510,2025,10,import,3242422.979,Nigeria,NGA
202510,2025,10,import,53436457.599,Norway,NOR
202510,2025,10,import,2493208.416,Pakistan,PAK
202510,2025,10,import,5942637.0,Panama,PAN
202510,2025,10,import,7124176.905,Paraguay,PRY
202510,2025,10,import,226660189.0,Poland,POL
202510,2025,10,import,48931105.468,Portugal,PRT
202510,2025,10,import,43337302.46,Romania,ROU
202510,2025,10,import,12540436.0,Serbia,SRB
202510,2025,10,import,39381734.854,India,IND
202510,2025,10,import,206342325.026,Singapore,SGP
202510,2025,10,import,49916578.95,Slovakia,SVK
202510,2025,10,import,11619519.92,Slovenia,SVN
202510,2025,10,import,23325051.93,South Africa,ZAF
202510,2025,10,import,192160975.228,Spain,ESP
202510,2025,10,import,88449.47,South Sudan,SSD
202510,2025,10,import,76695783.276,Sweden,SWE
202510,2025,10,import,73568928.822,Switzerland,CHE
202510,2025,10,import,143473.001,Togo,TGO
202510,2025,10,import,3250834.984,Trinidad and Tobago,TTO
202510,2025,10,import,69838824.0,Türkiye,TUR
202510,2025,10,import,3137455.237,North Macedonia,MKD
202510,2025,10,import,4402421.03,Egypt,EGY
202510,2025,10,import,308403943.227,United Kingdom,GBR
202510,2025,10,import,673054467.0,USA,USA
202510,2025,10,import,5909745.0,Uzbekistan,UZB
202511,2025,11,import,5416990.27,Azerbaijan,AZE
202511,2025,11,import,14578655.7,Argentina,ARG
202511,2025,11,import,116627585.742,Australia,AUS
202511,2025,11,import,3646929.37,Armenia,ARM
202511,2025,11,import,583332.0,Barbados,BRB
202511,2025,11,import,95878533.557,Belgium,BEL
202511,2025,11,import,299897.462,Bhutan,BTN
202511,2025,11,import,1930520.0,Bolivia (Plurinational State of),BOL
202511,2025,11,import,7100771.262,Bosnia Herzegovina,BIH
202511,2025,11,import,19537218.0,Brazil,BRA
202511,2025,11,import,107841.01,Belize,BLZ
202511,2025,11,import,161868416.658,Canada,CAN
202511,2025,11,import,25165390.49,Chile,CHL
202511,2025,11,import,25361972.09,Colombia,COL
202511,2025,11,import,35186227.0,Croatia,HRV
202511,2025,11,import,11579613.044,Cyprus,CYP
202511,2025,11,import,99240895.0,Czechia,CZE
202511,2025,11,import,53594208.222,Denmark,DNK
202511,2025,11,import,7537553.47,El Salvador,SLV
202511,2025,11,import,15673599.37,Estonia,EST
202511,2025,11,import,545283.876,Faroe Isds,FRO
202511,2025,11,import,806337.596,Fiji,FJI
202511,2025,11,import,22573809.468,Finland,FIN
202511,2025,11,import,278628615.345,France,FRA
202511,2025,11,import,9231832.414,Georgia,GEO
202511,2025,11,import,367726389.898,Germany,DEU
202511,2025,11,import,1408255.715,Ghana,GHA
202511,2025,11,import,35262415.618,Greece,GRC
202511,2025,11,import,10952106.0,Guatemala,GTM
202511,2025,11,import,728534.368,Guyana,GUY
202511,2025,11,import,338695783.005,"China, Hong Kong SAR",HKG
202511,2025,11,import,22663303.614,Hungary,HUN
202511,2025,11,import,3302823.846,Iceland,ISL
202511,2025,11,import,51442078.225,Indonesia,IDN
202511,2025,11,import,63320935.387,Ireland,IRL
202511,2025,11,import,20468000.0,Israel,ISR
202511,2025,11,import,179107275.492,Italy,ITA
202511,2025,11,import,149925394.656,Japan,JPN
202511,2025,11,import,73644729.0,Rep. of Korea,KOR
202511,2025,11,import,3860310.0,Kyrgyzstan,KGZ
202511,2025,11,import,10502996.59,Latvia,LVA
202511,2025,11,import,17254151.0,Lithuania,LTU
202511,2025,11,import,12432775.398,Luxembourg,LUX
202511,2025,11,import,96626817.352,"China, Macao SAR",MAC
202511,2025,11,import,48467339.447,Malaysia,MYS
202511,2025,11,import,3874871.53,Malta,MLT
202511,2025,11,import,3141224.177,Mauritius,MUS
202511,2025,11,import,76707391.0,Mexico,MEX
202511,2025,11,import,4106572.0,Rep. of Moldova,MDA
202511,2025,11,import,2302388.782,Montenegro,MNE
202511,2025,11,import,18389242.741,Morocco,MAR
202511,2025,11,import,140012806.0,Netherlands,NLD
202511,2025,11,import,23109349.15,New Zealand,NZL
202511,2025,11,import,2235213.857,Nigeria,NGA
202511,2025,11,import,46884247.82,Norway,NOR
202511,2025,11,import,2522633.931,Pakistan,PAK
202511,2025,11,import,3606816.0,Panama,PAN
202511,2025,11,import,6198242.008,Paraguay,PRY
202511,2025,11,import,21232922.0,Philippines,PHL
202511,2025,11,import,210481366.0,Poland,POL
202511,2025,11,import,39067651.971,Portugal,PRT
202511,2025,11,import,38080240.26,Romania,ROU
202511,2025,11,import,12481451.0,Serbia,SRB
202511,2025,11,import,38254874.568,India,IND
202511,2025,11,import,188733862.248,Singapore,SGP
202511,2025,11,import,45051396.454,Slovakia,SVK
202511,2025,11,import,10326435.163,Slovenia,SVN
202511,2025,11,import,20155729.718,South Africa,ZAF
202511,2025,11,import,175497707.281,Spain,ESP
202511,2025,11,import,229729.349,South Sudan,SSD
202511,2025,11,import,61235851.829,Sweden,SWE
202511,2025,11,import,73167935.508,Switzerland,CHE
202511,2025,11,import,113610.172,Togo,TGO
202511,2025,11,import,2432511.502,Trinidad and Tobago,TTO
202511,2025,11,import,62758043.0,Türkiye,TUR
202511,2025,11,import,2826501.106,North Macedonia,MKD
202511,2025,11,import,4779756.747,Egypt,EGY
202511,2025,11,import,280932369.481,United Kingdom,GBR
202511,2025,11,import,564146650.0,USA,USA
202512,2025,12,import,8167486.91,Azerbaijan,AZE
202512,2025,12,import,10259901.98,Argentina,ARG
202512,2025,12,import,107868555.63,Australia,AUS
202512,2025,12,import,4883897.8,Armenia,ARM
202512,2025,12,import,722959.5,Barbados,BRB
202512,2025,12,import,106765799.399,Belgium,BEL
202512,2025,12,import,364776.178,Bhutan,BTN
202512,2025,12,import,3815495.0,Bolivia (Plurinational State of),BOL
202512,2025,12,import,6866776.146,Bosnia Herzegovina,BIH
202512,2025,12,import,20998394.0,Brazil,BRA
202512,2025,12,import,179835.87,Belize,BLZ
202512,2025,12,import,160573820.197,Canada,CAN
202512,2025,12,import,30844492.173,Chile,CHL
202512,2025,12,import,31243320.97,Colombia,COL
202512,2025,12,import,35436756.0,Croatia,HRV
202512,2025,12,import,8461551.712,Cyprus,CYP
202512,2025,12,import,94397493.0,Czechia,CZE
202512,2025,12,import,56661751.266,Denmark,DNK
202512,2025,12,import,5617302.8,El Salvador,SLV
202512,2025,12,import,18183574.55,Estonia,EST
202512,2025,12,import,368013.437,Faroe Isds,FRO
202512,2025,12,import,696221.983,Fiji,FJI
202512,2025,12,import,22881271.155,Finland,FIN
202512,2025,12,import,308738962.405,France,FRA
202512,2025,12,import,9898704.225,Georgia,GEO
202512,2025,12,import,332175275.0,Germany,DEU
202512,2025,12,import,1398224.721,Ghana,GHA
202512,2025,12,import,30539689.376,Greece,GRC
202512,2025,12,import,11438653.0,Guatemala,GTM
202512,2025,12,import,435172.281,Guyana,GUY
202512,2025,12,import,347374820.872,"China, Hong Kong SAR",HKG
202512,2025,12,import,25570770.928,Hungary,HUN
202512,2025,12,import,4470822.158,Iceland,ISL
202512,2025,12,import,56610534.986,Indonesia,IDN
202512,2025,12,import,56055621.446,Ireland,IRL
202512,2025,12,import,24813000.0,Israel,ISR
202512,2025,12,import,168008685.727,Italy,ITA
202512,2025,12,import,152887705.694,Japan,JPN
202512,2025,12,import,89894697.0,Rep. of Korea,KOR
202512,2025,12,import,3960622.0,Kyrgyzstan,KGZ
202512,2025,12,import,9894912.6,Latvia,LVA
202512,2025,12,import,17186549.0,Lithuania,LTU
202512,2025,12,import,14153241.402,Luxembourg,LUX
202512,2025,12,import,98068607.293,"China, Macao SAR",MAC
202512,2025,12,import,60240308.439,Malaysia,MYS
202512,2025,12,import,2858519.821,Malta,MLT
202512,2025,12,import,4688644.943,Mauritius,MUS
202512,2025,12,import,85829510.0,Mexico,MEX
202512,2025,12,import,5351656.0,Rep. of Moldova,MDA
202512,2025,12,import,2365815.277,Montenegro,MNE
202512,2025,12,import,18147413.033,Morocco,MAR
202512,2025,12,import,177047993.139,Netherlands,NLD
202512,2025,12,import,23954402.242,New Zealand,NZL
202512,2025,12,import,4909821.772,Nigeria,NGA
202512,2025,12,import,46034603.3,Norway,NOR
202512,2025,12,import,2903911.996,Pakistan,PAK
202512,2025,12,import,4593910.0,Panama,PAN
202512,2025,12,import,6169679.426,Paraguay,PRY
202512,2025,12,import,21769390.0,Philippines,PHL
202512,2025,12,import,211095029.0,Poland,POL
202512,2025,12,import,45431686.832,Portugal,PRT
202512,2025,12,import,35063705.29,Romania,ROU
202512,2025,12,import,11967130.0,Serbia,SRB
202512,2025,12,import,42754789.493,India,IND
202512,2025,12,import,216606487.156,Singapore,SGP
202512,2025,12,import,32186857.24,Slovakia,SVK
202512,2025,12,import,10132152.945,Slovenia,SVN
202512,2025,12,import,22252552.132,South Africa,ZAF
202512,2025,12,import,195279648.143,Spain,ESP
202512,2025,12,import,301781.819,South Sudan,SSD
202512,2025,12,import,63207551.662,Sweden,SWE
202512,2025,12,import,75875222.091,Switzerland,CHE
202512,2025,12,import,427984.646,Togo,TGO
202512,2025,12,import,2177336.657,Trinidad and Tobago,TTO
202512,2025,12,import,63473603.0,Türkiye,TUR
202512,2025,12,import,3462376.292,North Macedonia,MKD
202512,2025,12,import,3853673.16,Egypt,EGY
202512,2025,12,import,252123509.408,United Kingdom,GBR
202512,2025,12,import,587875761.0,USA,USA
202601,2026,1,import,2870999.97,Andorra,AND
202601,2026,1,import,2049149.78,Angola,AGO
202601,2026,1,import,4243020.4,Azerbaijan,AZE
202601,2026,1,import,12441473.94,Argentina,ARG
202601,2026,1,import,103981932.948,Australia,AUS
202601,2026,1,import,2098666.15,Armenia,ARM
202601,2026,1,import,423415.5,Barbados,BRB
202601,2026,1,import,103390721.028,Belgium,BEL
202601,2026,1,import,3951814.0,Bolivia (Plurinational State of),BOL
202601,2026,1,import,5139755.98,Bosnia Herzegovina,BIH
202601,2026,1,import,30306706.0,Brazil,BRA
202601,2026,1,import,111889.445,Belize,BLZ
202601,2026,1,import,148161035.264,Canada,CAN
202601,2026,1,import,25908277.7,Chile,CHL
202601,2026,1,import,27904610.0,Croatia,HRV
202601,2026,1,import,87924077.0,Czechia,CZE
202601,2026,1,import,50708594.205,Denmark,DNK
202601,2026,1,import,6427817.549,Dominican Rep.,DOM
202601,2026,1,import,4959068.35,El Salvador,SLV
202601,2026,1,import,16113239.54,Estonia,EST
202601,2026,1,import,323206.265,Faroe Isds,FRO
202601,2026,1,import,925564.928,Fiji,FJI
202601,2026,1,import,24871168.834,Finland,FIN
202601,2026,1,import,5508987.405,Georgia,GEO
202601,2026,1,import,338978340.632,Germany,DEU
202601,2026,1,import,1513564.215,Ghana,GHA
202601,2026,1,import,39135414.613,Greece,GRC
202601,2026,1,import,137134.952,Grenada,GRD
202601,2026,1,import,11360636.0,Guatemala,GTM
202601,2026,1,import,315561.425,Guyana,GUY
202601,2026,1,import,315688959.208,"China, Hong Kong SAR",HKG
202601,2026,1,import,25959918.298,Hungary,HUN
202601,2026,1,import,2834570.742,Iceland,ISL
202601,2026,1,import,72566646.512,Indonesia,IDN
202601,2026,1,import,45754507.246,Ireland,IRL
202601,2026,1,import,17448000.0,Israel,ISR
202601,2026,1,import,189445194.382,Italy,ITA
202601,2026,1,import,164999595.504,Japan,JPN
202601,2026,1,import,3039091.0,Kyrgyzstan,KGZ
202601,2026,1,import,7875587.67,Latvia,LVA
202601,2026,1,import,15304080.0,Lithuania,LTU
202601,2026,1,import,11184618.818,Luxembourg,LUX
202601,2026,1,import,107811813.974,"China, Macao SAR",MAC
202601,2026,1,import,55227008.883,Malaysia,MYS
202601,2026,1,import,2717204.791,Mauritius,MUS
202601,2026,1,import,84844921.0,Mexico,MEX
202601,2026,1,import,3030632.0,Rep. of Moldova,MDA
202601,2026,1,import,142726092.733,Netherlands,NLD
202601,2026,1,import,23956012.325,New Zealand,NZL
202601,2026,1,import,43124286.884,Norway,NOR
202601,2026,1,import,3019869.634,Pakistan,PAK
202601,2026,1,import,3292573.0,Panama,PAN
202601,2026,1,import,6475185.76,Paraguay,PRY
202601,2026,1,import,24974231.0,Philippines,PHL
202601,2026,1,import,181821087.0,Poland,POL
202601,2026,1,import,39153358.017,Portugal,PRT
202601,2026,1,import,30845982.5,Romania,ROU
202601,2026,1,import,7260082.0,Serbia,SRB
202601,2026,1,import,35499336.568,India,IND
202601,2026,1,import,37610741.922,Slovakia,SVK
202601,2026,1,import,9601781.688,Slovenia,SVN
202601,2026,1,import,21700680.757,South Africa,ZAF
202601,2026,1,import,192647062.308,Spain,ESP
202601,2026,1,import,366066.818,South Sudan,SSD
202601,2026,1,import,56960183.947,Sweden,SWE
202601,2026,1,import,66767234.782,Switzerland,CHE
202601,2026,1,import,239629.58,Togo,TGO
202601,2026,1,import,2039079.056,North Macedonia,MKD
202601,2026,1,import,3205190.58,Egypt,EGY
202601,2026,1,import,234647098.619,United Kingdom,GBR
202601,2026,1,import,548663954.0,USA,USA
202601,2026,1,import,4496514.0,Uzbekistan,UZB
202602,2026,2,import,4562561.329,Andorra,AND
202602,2026,2,import,592318.73,Angola,AGO
202602,2026,2,import,7400387.68,Azerbaijan,AZE
202602,2026,2,import,10672150.82,Argentina,ARG
202602,2026,2,import,107471484.824,Australia,AUS
202602,2026,2,import,2879737.76,Armenia,ARM
202602,2026,2,import,494570.5,Barbados,BRB
202602,2026,2,import,101862797.042,Belgium,BEL
202602,2026,2,import,2352720.0,Bolivia (Plurinational State of),BOL
202602,2026,2,import,9636581.103,Bosnia Herzegovina,BIH
202602,2026,2,import,19884677.0,Brazil,BRA
202602,2026,2,import,29798.465,Belize,BLZ
202602,2026,2,import,154243799.956,Canada,CAN
202602,2026,2,import,24584153.364,Chile,CHL
202602,2026,2,import,32631339.0,Croatia,HRV
202602,2026,2,import,103995873.0,Czechia,CZE
202602,2026,2,import,56930022.464,Denmark,DNK
202602,2026,2,import,5538932.81,Dominican Rep.,DOM
202602,2026,2,import,5254610.88,El Salvador,SLV
202602,2026,2,import,18932189.37,Estonia,EST
202602,2026,2,import,401754.082,Faroe Isds,FRO
202602,2026,2,import,687536.945,Fiji,FJI
202602,2026,2,import,25688657.015,Finland,FIN
202602,2026,2,import,8066935.177,Georgia,GEO
202602,2026,2,import,303573714.0,Germany,DEU
202602,2026,2,import,1571443.752,Ghana,GHA
202602,2026,2,import,38464731.771,Greece,GRC
202602,2026,2,import,115153.126,Grenada,GRD
202602,2026,2,import,10008761.0,Guatemala,GTM
202602,2026,2,import,471866.3,Guyana,GUY
202602,2026,2,import,271302415.692,"China, Hong Kong SAR",HKG
202602,2026,2,import,25945111.065,Hungary,HUN
202602,2026,2,import,3185393.409,Iceland,ISL
202602,2026,2,import,53523148.499,Indonesia,IDN
202602,2026,2,import,47345464.137,Ireland,IRL
202602,2026,2,import,177591141.307,Italy,ITA
202602,2026,2,import,155097385.295,Japan,JPN
202602,2026,2,import,3259988.0,Kyrgyzstan,KGZ
202602,2026,2,import,11186024.25,Latvia,LVA
202602,2026,2,import,15404656.0,Lithuania,LTU
202602,2026,2,import,12426192.334,Luxembourg,LUX
202602,2026,2,import,66107587.007,"China, Macao SAR",MAC
202602,2026,2,import,54413643.974,Malaysia,MYS
202602,2026,2,import,2776406.376,Mauritius,MUS
202602,2026,2,import,89979434.0,Mexico,MEX
202602,2026,2,import,4702516.0,Rep. of Moldova,MDA
202602,2026,2,import,164380680.641,Netherlands,NLD
202602,2026,2,import,20063235.731,New Zealand,NZL
202602,2026,2,import,44265926.264,Norway,NOR
202602,2026,2,import,3771913.0,Panama,PAN
202602,2026,2,import,4498484.439,Paraguay,PRY
202602,2026,2,import,20897724.0,Philippines,PHL
202602,2026,2,import,164835043.0,Poland,POL
202602,2026,2,import,37921825.648,Portugal,PRT
202602,2026,2,import,40998442.37,Romania,ROU
202602,2026,2,import,13206419.0,Serbia,SRB
202602,2026,2,import,39805801.111,India,IND
202602,2026,2,import,42165915.443,Slovakia,SVK
202602,2026,2,import,11027525.426,Slovenia,SVN
202602,2026,2,import,18449379.545,South Africa,ZAF
202602,2026,2,import,182936894.833,Spain,ESP
202602,2026,2,import,147829.981,South Sudan,SSD
202602,2026,2,import,66976920.923,Sweden,SWE
202602,2026,2,import,75722059.121,Switzerland,CHE
202602,2026,2,import,237373.864,Togo,TGO
202602,2026,2,import,3578866.21,North Macedonia,MKD
202602,2026,2,import,3889955.303,Egypt,EGY
202602,2026,2,import,246026705.838,United Kingdom,GBR
202602,2026,2,import,561936822.0,USA,USA
202602,2026,2,import,4946516.0,Uzbekistan,UZB
202603,2026,3,import,4140492.094,Andorra,AND
202603,2026,3,import,1250076.31,Angola,AGO
202603,2026,3,import,4914052.16,Azerbaijan,AZE
202603,2026,3,import,11910380.26,Argentina,ARG
202603,2026,3,import,121265431.582,Australia,AUS
202603,2026,3,import,4020457.25,Armenia,ARM
202603,2026,3,import,649636.0,Barbados,BRB
202603,2026,3,import,117910032.273,Belgium,BEL
202603,2026,3,import,3420175.0,Bolivia (Plurinational State of),BOL
202603,2026,3,import,8411413.325,Bosnia Herzegovina,BIH
202603,2026,3,import,25040062.0,Brazil,BRA
202603,2026,3,import,98338.745,Belize,BLZ
202603,2026,3,import,164320473.324,Canada,CAN
202603,2026,3,import,34642921.121,Chile,CHL
202603,2026,3,import,30878271.0,Croatia,HRV
202603,2026,3,import,118153870.0,Czechia,CZE
202603,2026,3,import,60460699.454,Denmark,DNK
202603,2026,3,import,8262067.51,El Salvador,SLV
202603,2026,3,import,22416249.34,Estonia,EST
202603,2026,3,import,451433.125,Faroe Isds,FRO
202603,2026,3,import,687630.018,Fiji,FJI
202603,2026,3,import,27986770.579,Finland,FIN
202603,2026,3,import,10689906.616,Georgia,GEO
202603,2026,3,import,314977207.0,Germany,DEU
202603,2026,3,import,1799783.794,Ghana,GHA
202603,2026,3,import,36941352.079,Greece,GRC
202603,2026,3,import,171633.374,Grenada,GRD
202603,2026,3,import,13639256.0,Guatemala,GTM
202603,2026,3,import,601553.248,Guyana,GUY
202603,2026,3,import,369822310.794,"China, Hong Kong SAR",HKG
202603,2026,3,import,30735064.413,Hungary,HUN
202603,2026,3,import,4107748.554,Iceland,ISL
202603,2026,3,import,37622660.432,Indonesia,IDN
202603,2026,3,import,54844667.616,Ireland,IRL
202603,2026,3,import,20010000.0,Israel,ISR
202603,2026,3,import,179750710.029,Italy,ITA
202603,2026,3,import,158134764.88,Japan,JPN
202603,2026,3,import,4842473.0,Kyrgyzstan,KGZ
202603,2026,3,import,9094720.389,Latvia,LVA
202603,2026,3,import,22457385.0,Lithuania,LTU
202603,2026,3,import,12483602.97,Luxembourg,LUX
202603,2026,3,import,50477267.885,Malaysia,MYS
202603,2026,3,import,3489036.779,Mauritius,MUS
202603,2026,3,import,111887929.0,Mexico,MEX
202603,2026,3,import,4884695.0,Rep. of Moldova,MDA
202603,2026,3,import,180856540.554,Netherlands,NLD
202603,2026,3,import,23953880.422,New Zealand,NZL
202603,2026,3,import,50641320.05,Norway,NOR
202603,2026,3,import,3991819.0,Panama,PAN
202603,2026,3,import,7724298.003,Paraguay,PRY
202603,2026,3,import,25217780.0,Philippines,PHL
202603,2026,3,import,176732758.0,Poland,POL
202603,2026,3,import,57232524.395,Portugal,PRT
202603,2026,3,import,50206094.0,Romania,ROU
202603,2026,3,import,13914247.0,Serbia,SRB
202603,2026,3,import,40678953.019,India,IND
202603,2026,3,import,41022902.807,Slovakia,SVK
202603,2026,3,import,12738359.216,Slovenia,SVN
202603,2026,3,import,32691574.683,South Africa,ZAF
202603,2026,3,import,170982660.645,Spain,ESP
202603,2026,3,import,280357.81,South Sudan,SSD
202603,2026,3,import,74276908.386,Sweden,SWE
202603,2026,3,import,76879290.27,Switzerland,CHE
202603,2026,3,import,210798.203,Togo,TGO
202603,2026,3,import,4428599.736,North Macedonia,MKD
202603,2026,3,import,296518764.274,United Kingdom,GBR
202603,2026,3,import,676088343.0,USA,USA
202604,2026,4,import,2963396.505,Andorra,AND
202604,2026,4,import,1213119.49,Angola,AGO
202604,2026,4,import,6953978.95,Azerbaijan,AZE
202604,2026,4,import,103062948.434,Australia,AUS
202604,2026,4,import,2993215.55,Armenia,ARM
202604,2026,4,import,751267.0,Barbados,BRB
202604,2026,4,import,3043922.0,Bolivia (Plurinational State of),BOL
202604,2026,4,import,9152333.835,Bosnia Herzegovina,BIH
202604,2026,4,import,25480223.0,Brazil,BRA
202604,2026,4,import,40774.915,Belize,BLZ
202604,2026,4,import,152663599.761,Canada,CAN
202604,2026,4,import,32732010.123,Chile,CHL
202604,2026,4,import,105823833.0,Czechia,CZE
202604,2026,4,import,60857171.429,Denmark,DNK
202604,2026,4,import,26708737.78,Estonia,EST
202604,2026,4,import,9432875.96,Georgia,GEO
202604,2026,4,import,288148767.0,Germany,DEU
202604,2026,4,import,34646989.578,Greece,GRC
202604,2026,4,import,29137738.514,Hungary,HUN
202604,2026,4,import,4021803.579,Iceland,ISL
202604,2026,4,import,57583178.58,Indonesia,IDN
202604,2026,4,import,22054000.0,Israel,ISR
202604,2026,4,import,184291961.611,Japan,JPN
202604,2026,4,import,9044515.653,Latvia,LVA
202604,2026,4,import,19369556.0,Lithuania,LTU
202604,2026,4,import,12127758.81,Luxembourg,LUX
202604,2026,4,import,66523189.46,Malaysia,MYS
202604,2026,4,import,101007044.0,Mexico,MEX
202604,2026,4,import,20810587.404,New Zealand,NZL
202604,2026,4,import,44884903.467,Norway,NOR
202604,2026,4,import,4650323.0,Panama,PAN
202604,2026,4,import,49751818.371,Portugal,PRT
202604,2026,4,import,13246987.0,Serbia,SRB
202604,2026,4,import,71199264.185,Switzerland,CHE
202604,2026,4,import,3755020.663,North Macedonia,MKD
202605,2026,5,import,2940341.552,Andorra,AND
202605,2026,5,import,1167943.5,Barbados,BRB
202605,2026,5,import,20269124.0,Brazil,BRA
202605,2026,5,import,10218558.242,Georgia,GEO
202605,2026,5,import,23318968.396,New Zealand,NZL
202605,2026,5,import,49188172.848,Norway,NOR
202605,2026,5,import,66535510.119,Switzerland,CHE
